prediction_date,logged_at,game_pk,matchup,away_team,home_team,away_pitcher,home_pitcher,away_pitcher_hand,home_pitcher_hand,venue,is_indoor,nrfi_score,tier,pitcher_component,lineup_component,fi_adj,bvp_adj,platoon_adj,streak_adj,park_adj,weather_adj,team_tendency_adj,away_pitcher_score,home_pitcher_score,home_lineup_threat,away_lineup_threat,rest_adj,away_days_rest,home_days_rest,away_last_pitches,home_last_pitches,away_pitch_eff_ppi,home_pitch_eff_ppi,away_pitch_eff_starts,home_pitch_eff_starts,wind_dir,wind_effect_label,wind_component_out,wind_component_in,home_real_lineup,away_real_lineup,away_bullpen_game,home_bullpen_game,bullpen_adj,f5_ml_pick,f5_ml_edge,f5_ml_confidence,f5_ml_units,f5_away_pitch_eff_adj,f5_home_pitch_eff_adj,f5_spread_label,f5_spread_confidence,f5_total_projected,f5_total_lean,f5_total_confidence,f5_total_line,f5_total_units
2026-04-10,2026-04-13T03:20:49,822829,MIN @ TOR,Minnesota Twins,Toronto Blue Jays,Simeon Woods Richardson,Patrick Corbin,R,L,Rogers Centre,1,26.2,FADE,44.4,40.8,15.0,-16.9,-4.0,-2.0,0.0,3,0.9,44.0,45.9,61.0,52.0,0.0,5,,88,,,,,,,indoor,0,0,1,1,,,,TOR,-4.0,LEAN,,,,TOR -0.5,TOSS-UP,5.2,OVER,LEAN,4.5,
2026-04-10,2026-04-13T03:20:49,822997,NYY @ TB,New York Yankees,Tampa Bay Rays,Luis Gil,Steven Matz,R,L,Tropicana Field,1,30.7,FADE,47.6,27.0,3.5,-4.3,-4.0,5.0,1.8,3,-3.0,44.8,59.0,74.0,69.0,0.5,,6,,97,,,,,,indoor,0,0,1,1,,,,TB,-11.4,MODERATE,,,,TB -1.5,LEAN,5.0,OVER,SLIGHT,4.5,
2026-04-10,2026-04-13T03:20:49,823076,BOS @ STL,Boston Red Sox,St. Louis Cardinals,Connelly Early,Dustin May,L,R,Busch Stadium,0,38.1,FADE,41.4,30.4,4.7,7.5,0.0,-2.0,0.0,2.0,-1.3,50.3,39.2,74.0,52.0,1.0,6,6,88,79,,,,,28,blowing out,5.8,0,1,1,,,,BOS,1.2,TOSS-UP,,,,No spread play,TOSS-UP,4.8,OVER,SLIGHT,4.5,
2026-04-10,2026-04-13T03:20:49,823156,HOU @ SEA,Houston Astros,Seattle Mariners,Tatsuya Imai,Emerson Hancock,R,R,T-Mobile Park,1,24.3,FADE,46.3,29.4,-5.0,-5.1,2.0,-1.0,2.4,3,-1.2,41.6,65.0,25.0,82.0,1.0,6,6,94,82,,,,,,indoor,0,0,1,1,,,,HOU,0.7,TOSS-UP,,,,No spread play,TOSS-UP,4.2,UNDER,SLIGHT,4.5,
2026-04-10,2026-04-13T03:20:49,823318,COL @ SD,Colorado Rockies,San Diego Padres,Tomoyuki Sugano,Walker Buehler,R,R,Petco Park,0,34.7,FADE,48.4,37.6,-1.0,-0.1,0.0,0.0,3.0,2.0,-0.4,58.7,45.8,56.0,64.0,0.0,5,5,78,61,,,,,297,crosswind,0,0,1,1,,,,COL,11.4,MODERATE,,,,COL -1.5,LEAN,4.3,UNDER,SLIGHT,4.5,
2026-04-10,2026-04-13T03:20:49,823482,AZ @ PHI,Arizona Diamondbacks,Philadelphia Phillies,Michael Soroka,Jesús Luzardo,R,L,Citizens Bank Park,0,28.5,FADE,49.9,37.6,9.0,-5.0,-6.0,1.0,-2.4,2.0,-3.0,56.9,48.2,64.0,56.0,1.0,6,6,91,99,,,,,184,blowing in,0,5.1,1,1,,,,AZ,3.7,LEAN,,,,AZ -0.5,TOSS-UP,5.1,OVER,LEAN,4.5,
2026-04-10,2026-04-13T03:20:49,823643,ATH @ NYM,Athletics,New York Mets,J.T. Ginn,Clay Holmes,R,R,Citi Field,0,37.7,FADE,52.8,41.8,3.0,2.0,-2.0,-2.0,-0.6,3.0,-0.4,52.4,54.5,61.0,47.0,0.5,,6,,90,,,,,154,blowing in,0,6.0,1,1,,,,NYM,-5.7,LEAN,,,,NYM -0.5,SLIGHT,4.2,UNDER,SLIGHT,4.5,
2026-04-10,2026-04-13T03:20:49,823808,WSH @ MIL,Washington Nationals,Milwaukee Brewers,Jake Irvin,Aaron Ashby,R,L,American Family Field,1,0,FADE,40.5,20.6,-10.7,-8.0,-10.0,-2.0,-0.6,3,-0.1,38.0,50.5,82.0,69.0,0.5,6,,85,,,,,,,indoor,0,0,1,1,,,,MIL,-12.6,STRONG,,,,MIL -1.5,LEAN,6.5,OVER,STRONG,4.5,
2026-04-10,2026-04-13T03:20:49,823968,TEX @ LAD,Texas Rangers,Los Angeles Dodgers,Kumar Rocker,Tyler Glasnow,R,R,UNIQLO Field at Dodger Stadium,0,37.2,FADE,49.6,35.0,1.0,3.7,-6.0,2.0,0.6,2.0,1.8,47.0,60.2,69.0,49.0,1.0,6,6,80,101,,,,,282,blowing in,0,3.6,1,1,,,,LAD,-15.2,STRONG,,,,LAD -1.5,STRONG,4.3,UNDER,SLIGHT,4.5,
2026-04-10,2026-04-13T03:20:49,824128,CWS @ KC,Chicago White Sox,Kansas City Royals,Davis Martin,Kris Bubic,R,L,Kauffman Stadium,0,69.5,LEAN,60.1,68.6,7.0,6.0,4.0,6.0,0.6,2.0,-0.3,59.6,62.3,33.0,25.0,0.0,5,5,85,96,,,,,86,crosswind,0,0,1,1,,,,KC,-4.3,LEAN,,,,KC -0.5,TOSS-UP,2.4,UNDER,STRONG,4.5,
2026-04-10,2026-04-13T03:20:49,824297,MIA @ DET,Miami Marlins,Detroit Tigers,Chris Paddack,Keider Montero,R,R,Comerica Park,0,43.6,FADE,46.1,37.8,5.3,5.2,-6.0,3.0,0.0,5.0,0.9,42.6,60.0,66.0,47.0,0.0,11,5,79,63,,,,,81,blowing out,0.6,0,1,1,,,,DET,-17.9,STRONG,,,,DET -1.5,STRONG,4.0,UNDER,SLIGHT,4.5,
2026-04-10,2026-04-13T03:20:49,824534,LAA @ CIN,Los Angeles Angels,Cincinnati Reds,Jack Kochanowicz,Chase Burns,R,R,Great American Ball Park,0,38.2,FADE,49.0,32.6,4.1,2.9,0.0,0.0,-4.2,2.0,2.7,49.7,48.8,61.0,69.0,0.5,6,5,86,87,,,,,319,blowing out,2.5,0,1,1,,,,LAA,3.0,LEAN,,,,LAA -0.5,TOSS-UP,4.8,OVER,SLIGHT,4.5,
2026-04-10,2026-04-13T03:20:49,824695,PIT @ CHC,Pittsburgh Pirates,Chicago Cubs,Carmen Mlodzinski,Shota Imanaga,R,L,Wrigley Field,0,58.0,TOSS-UP,52.9,41.8,13.0,7.4,0.0,1.0,-1.8,5.0,-1.4,50.3,63.5,47.0,61.0,0.5,6,5,84,92,,,,,168,blowing in,0,2.2,1,1,,,,CHC,-5.0,LEAN,,,,CHC -0.5,SLIGHT,3.5,UNDER,LEAN,4.5,
2026-04-10,2026-04-13T03:20:49,824858,SF @ BAL,San Francisco Giants,Baltimore Orioles,Landen Roupp,Shane Baz,R,R,Oriole Park at Camden Yards,0,43.2,FADE,49.1,33.6,17.0,-1.4,-2.0,-3.0,-0.6,2.0,-0.3,57.5,47.0,69.0,56.0,1.0,6,6,95,98,,,,,111,crosswind,0,0,1,1,,,,SF,3.4,LEAN,,,,SF -0.5,TOSS-UP,4.5,PUSH,TOSS-UP,4.5,
2026-04-10,2026-04-13T03:20:49,824941,CLE @ ATL,Cleveland Guardians,Atlanta Braves,Slade Cecconi,Bryce Elder,R,R,Truist Park,0,18.3,FADE,46.7,36.8,11.0,-13.2,-4.0,-4.0,-1.2,2.0,-3.0,43.1,61.1,69.0,40.0,0.5,5,6,85,89,,,,,294,crosswind,0,0,1,1,,,,ATL,-21.3,STRONG,,,,ATL -1.5,STRONG,5.3,OVER,LEAN,4.5,
2026-04-11,2026-04-13T03:32:23,822830,MIN @ TOR,Minnesota Twins,Toronto Blue Jays,Joe Ryan,Eric Lauer,R,L,Rogers Centre,1,23.9,FADE,41.7,40.8,10.0,-10.5,-4.0,-5.0,0.0,3,0.9,60.0,37.1,61.0,52.0,0.5,5,6,101,49,,,,,,indoor,0,0,1,1,,,,MIN,13.3,STRONG,,,,MIN -1.5,LEAN,4.9,OVER,SLIGHT,4.5,
2026-04-11,2026-04-13T03:32:23,822996,NYY @ TB,New York Yankees,Tampa Bay Rays,Max Fried,Nick Martinez,L,R,Tropicana Field,1,50.9,TOSS-UP,58.1,31.4,14.0,1.1,-6.0,5.0,1.8,3,-3.0,66.4,56.0,47.0,74.0,1.0,6,6,103,81,,,,,,indoor,0,0,1,1,,,,NYY,15.4,STRONG,,,,NYY -1.5,STRONG,3.7,UNDER,LEAN,4.5,
2026-04-11,2026-04-13T03:32:23,823074,BOS @ STL,Boston Red Sox,St. Louis Cardinals,Ranger Suarez,Kyle Leahy,L,R,Busch Stadium,0,42.9,FADE,37.5,43.2,13.3,1.3,0.0,-2.0,0.0,2.0,-0.4,37.4,38.0,61.0,40.0,1.0,6,6,75,97,,,,,151,blowing in,0,2.1,1,1,,,,STL,-6.7,LEAN,,,,STL -0.5,SLIGHT,4.7,OVER,SLIGHT,4.5,
2026-04-11,2026-04-13T03:32:23,823155,HOU @ SEA,Houston Astros,Seattle Mariners,Lance McCullers Jr.,Luis Castillo,R,R,T-Mobile Park,1,33.8,FADE,44.1,29.4,7.0,-6.0,2.0,-1.0,2.4,3,-1.8,44.6,44.0,25.0,82.0,1.0,6,6,79,84,,,,,,indoor,0,0,1,1,,,,HOU,17.5,STRONG,,,,HOU -1.5,STRONG,4.6,PUSH,TOSS-UP,4.5,
2026-04-11,2026-04-13T03:32:23,823316,COL @ SD,Colorado Rockies,San Diego Padres,Ryan Feltner,Germán Márquez,R,R,Petco Park,0,15.0,FADE,35.1,37.6,-6.6,-8.2,0.0,0.0,3.0,2.0,-0.4,34.4,37.7,56.0,64.0,0.0,5,5,70,92,,,,,303,blowing out,1.1,0,1,1,,,,PICK,0.1,TOSS-UP,,,,No spread play,TOSS-UP,5.7,OVER,STRONG,4.5,
2026-04-11,2026-04-13T03:32:23,823480,AZ @ PHI,Arizona Diamondbacks,Philadelphia Phillies,Brandon Pfaadt,Taijuan Walker,R,R,Citizens Bank Park,0,0,FADE,36.4,37.6,-14.0,-12.7,-8.0,1.0,-2.4,0.0,-3.0,38.3,35.9,64.0,56.0,1.0,6,6,79,87,,,,,321,crosswind,0,0,1,1,,,,PHI,-0.7,TOSS-UP,,,,No spread play,TOSS-UP,7.0,OVER,STRONG,4.5,
2026-04-11,2026-04-13T03:32:23,823644,ATH @ NYM,Athletics,New York Mets,Jacob Lopez,Kodai Senga,L,R,Citi Field,0,22.7,FADE,36.6,54.4,9.0,-11.7,-6.0,0.0,-0.6,1.0,-0.1,35.9,39.2,40.0,47.0,1.0,6,6,92,88,,,,,305,blowing out,8.2,0,1,1,,,,PICK,-0.2,TOSS-UP,,,,No spread play,TOSS-UP,5.4,OVER,LEAN,4.5,
2026-04-11,2026-04-13T03:32:23,823805,WSH @ MIL,Washington Nationals,Milwaukee Brewers,Foster Griffin,Kyle Harrison,L,L,American Family Field,1,36.0,FADE,54.3,31.0,3.8,-0.1,0.0,-2.0,-0.6,3,-1.3,53.6,56.9,69.0,69.0,1.0,6,6,95,90,,,,,,indoor,0,0,1,1,,,,MIL,-2.3,TOSS-UP,,,,No spread play,TOSS-UP,4.6,PUSH,TOSS-UP,4.5,
2026-04-11,2026-04-13T03:32:23,823967,TEX @ LAD,Texas Rangers,Los Angeles Dodgers,Jack Leiter,Emmet Sheehan,R,R,UNIQLO Field at Dodger Stadium,0,15.6,FADE,37.2,33.6,-4.0,-5.5,-6.0,3.0,0.6,0.0,1.9,42.5,35.9,69.0,56.0,0.5,6,8,85,98,,,,,,,,,1,1,,,,TEX,0.7,TOSS-UP,,,,No spread play,TOSS-UP,5.8,OVER,STRONG,4.5,
2026-04-11,2026-04-13T03:32:23,824129,CWS @ KC,Chicago White Sox,Kansas City Royals,Erick Fedde,Michael Wacha,R,R,Kauffman Stadium,0,63.6,LEAN,55.4,67.0,5.0,4.0,4.0,5.0,0.6,3.0,0.3,53.6,62.6,33.0,33.0,0.0,11,5,80,102,,,,,169,blowing in,0,10.0,1,1,,,,KC,-6.3,LEAN,,,,KC -0.5,SLIGHT,2.7,UNDER,STRONG,4.5,
2026-04-11,2026-04-13T03:32:23,824294,MIA @ DET,Miami Marlins,Detroit Tigers,Janson Junk,Casey Mize,R,R,Comerica Park,0,55.7,TOSS-UP,47.0,55.8,13.0,6.4,-6.0,4.0,0.0,2.0,1.2,47.0,47.0,33.0,47.0,0.0,5,5,87,90,,,,,85,blowing out,2.5,0,1,1,,,,MIA,4.2,LEAN,,,,MIA -0.5,TOSS-UP,3.7,UNDER,LEAN,4.5,
2026-04-11,2026-04-13T03:32:23,824535,LAA @ CIN,Los Angeles Angels,Cincinnati Reds,George Klassen,Brandon Williamson,R,L,Great American Ball Park,0,18.9,FADE,37.6,33.6,1.2,-1.8,-6.0,-1.0,-4.2,2.0,2.9,42.0,36.5,56.0,69.0,0.5,6,5,73,93,,,,,63,blowing out,3.9,0,1,1,,,,LAA,7.8,MODERATE,,,,LAA -0.5,SLIGHT,5.8,OVER,STRONG,4.5,
2026-04-11,2026-04-13T03:32:23,824697,PIT @ CHC,Pittsburgh Pirates,Chicago Cubs,Braxton Ashcraft,Edward Cabrera,R,R,Wrigley Field,0,47.3,FADE,57.4,25.0,11.5,3.2,-4.0,2.0,-1.8,4.0,-0.7,63.2,56.0,47.0,82.0,1.0,6,6,87,97,,,,,48,blowing out,6.5,0,1,1,,,,PIT,15.5,STRONG,,,,PIT -1.5,STRONG,3.9,UNDER,LEAN,4.5,
2026-04-11,2026-04-13T03:32:23,824857,SF @ BAL,San Francisco Giants,Baltimore Orioles,Logan Webb,Chris Bassitt,R,R,Oriole Park at Camden Yards,0,22.4,FADE,37.9,44.0,2.0,-3.0,-2.0,-5.0,-0.6,2.0,-0.1,41.2,37.1,56.0,56.0,1.0,6,6,92,62,,,,,306,crosswind,0,0,1,1,,,,SF,2.9,TOSS-UP,,,,No spread play,TOSS-UP,5.4,OVER,LEAN,4.5,
2026-04-11,2026-04-13T03:32:23,824939,CLE @ ATL,Cleveland Guardians,Atlanta Braves,Parker Messick,Martín Pérez,L,L,Truist Park,0,7.0,FADE,56.8,29.0,-7.3,-13.3,-2.0,-2.0,-1.2,2.0,-3.0,62.6,55.4,77.0,47.0,1.0,6,6,91,75,,,,,207,blowing in,0,2.0,1,1,,,,ATL,-3.9,LEAN,,,,ATL -0.5,TOSS-UP,5.2,OVER,LEAN,4.5,
2026-04-12,2026-04-12T21:41:01,822828,MIN @ TOR,Minnesota Twins,Toronto Blue Jays,Taj Bradley,Max Scherzer,R,R,Rogers Centre,1,0,FADE,42.3,33.6,-11.0,-14.9,-4.0,-2.0,0.0,3,0.5,60.8,37.7,69.0,56.0,0.5,5,6,104,36,,,,,,indoor,0,0,1,1,,,,MIN,12.3,STRONG,,,,MIN -1.5,STRONG,5.7,OVER,STRONG,4.5,
2026-04-12,2026-04-12T21:41:01,822998,NYY @ TB,New York Yankees,Tampa Bay Rays,Cam Schlittler,Drew Rasmussen,R,R,Tropicana Field,1,49.0,FADE,64.3,26.0,3.0,9.8,-6.0,5.0,1.8,3,-3.0,71.2,62.6,74.0,74.0,0.0,5,11,84,89,,,,,,indoor,0,0,1,1,,,,NYY,6.0,MODERATE,,,,NYY -1.5,LEAN,3.6,UNDER,LEAN,4.5,
2026-04-12,2026-04-12T21:41:01,823075,BOS @ STL,Boston Red Sox,St. Louis Cardinals,Brayan Bello,Andre Pallante,R,R,Busch Stadium,0,25.3,FADE,36.1,32.8,4.0,-4.5,0.0,-2.0,0.0,2.0,0.4,35.6,38.0,74.0,40.0,1.0,6,6,86,88,,,,,171,blowing in,0,12.0,1,1,,,,STL,-11.9,STRONG,,,,STL -1.5,STRONG,5.4,OVER,LEAN,4.5,
2026-04-12,2026-04-12T21:41:01,823154,HOU @ SEA,Houston Astros,Seattle Mariners,Cody Bolton,Logan Gilbert,R,R,T-Mobile Park,1,19.4,FADE,46.1,29.4,-7.7,-7.0,-2.0,4.0,2.4,3,-2.4,42.8,59.2,25.0,82.0,1.0,6,6,63,96,,,,,,indoor,0,0,1,1,,,,HOU,5.6,MODERATE,,,,HOU -1.5,SLIGHT,4.5,PUSH,TOSS-UP,4.5,
2026-04-12,2026-04-12T21:41:01,823317,COL @ SD,Colorado Rockies,San Diego Padres,Kyle Freeland,Nick Pivetta,L,R,Petco Park,0,24.9,FADE,55.7,37.6,0.0,-7.6,-4.0,0.0,3.0,0.0,-1.0,61.1,54.4,56.0,64.0,0.0,5,5,81,86,,,,,247,blowing in,0,4.6,1,1,,,,COL,7.1,MODERATE,,,,COL -1.5,LEAN,4.7,OVER,SLIGHT,4.5,
2026-04-12,2026-04-12T21:41:01,823479,AZ @ PHI,Arizona Diamondbacks,Philadelphia Phillies,Zac Gallen,Zach Pop,R,R,Citizens Bank Park,0,17.8,FADE,44.8,25.6,2.7,0.0,-10.0,3.0,-2.4,1.0,-3.0,43.2,51.0,64.0,77.0,0.0,5,,95,,,,,,162,blowing in,0,6.1,1,1,,,,PHI,-1.6,TOSS-UP,,,,PHI -0.5,TOSS-UP,5.9,OVER,STRONG,4.5,
2026-04-12,2026-04-12T21:41:01,823642,ATH @ NYM,Athletics,New York Mets,Aaron Civale,Freddy Peralta,R,R,Citi Field,0,39.0,FADE,54.3,54.4,2.0,-1.0,-4.0,0.0,-0.6,5.0,-0.4,57.2,53.6,40.0,47.0,0.0,5,5,88,101,,,,,153,blowing in,0,12.0,1,1,,,,ATH,4.6,LEAN,,,,ATH -0.5,SLIGHT,3.8,UNDER,LEAN,4.5,
2026-04-12,2026-04-12T21:41:01,823804,WSH @ MIL,Washington Nationals,Milwaukee Brewers,Zack Littell,Brandon Woodruff,R,R,American Family Field,1,24.0,FADE,47.5,23.2,5.0,1.3,-10.0,-2.0,-0.6,3,-0.9,46.0,53.3,82.0,56.0,1.0,6,6,70,94,,,,,,indoor,0,0,1,1,,,,MIL,-12.9,STRONG,,,,MIL -1.5,STRONG,5.3,OVER,LEAN,4.5,
2026-04-12,2026-04-12T21:41:01,823966,TEX @ LAD,Texas Rangers,Los Angeles Dodgers,Jacob deGrom,Roki Sasaki,R,R,UNIQLO Field at Dodger Stadium,0,19.4,FADE,42.1,20.6,0.5,1.0,-12,3.0,0.6,1.0,0.7,58.4,38.0,82.0,69.0,0.5,6,7,78,90,,,,,243,blowing in,0,9.4,1,1,,,,TEX,10.4,STRONG,,,,TEX -1.5,STRONG,5.6,OVER,LEAN,4.5,
2026-04-12,2026-04-12T21:41:01,824126,CWS @ KC,Chicago White Sox,Kansas City Royals,Grant Taylor,Noah Cameron,R,L,Kauffman Stadium,0,55.5,TOSS-UP,53.8,67.0,10.4,-7.8,2.0,6.0,0.6,3.0,-0.1,67.6,50.3,33.0,33.0,0.5,6,5,16,97,,,,,209,blowing in,0,10.6,1,1,,,,CWS,12.1,STRONG,,,,CWS -1.5,STRONG,3.1,UNDER,STRONG,4.5,
2026-04-12,2026-04-12T21:41:01,824293,MIA @ DET,Miami Marlins,Detroit Tigers,Sandy Alcantara,Tarik Skubal,R,L,Comerica Park,0,46.3,FADE,64.9,40.6,7.0,3.2,-6.0,-2.0,0.0,4.0,0.8,63.6,70.0,66.0,33.0,0.0,5,5,95,95,,,,,207,blowing in,0,17.6,1,1,,,,DET,-14.4,STRONG,,,,DET -1.5,STRONG,3.3,UNDER,STRONG,4.5,
2026-04-12,2026-04-12T21:41:01,824533,LAA @ CIN,Los Angeles Angels,Cincinnati Reds,José Soriano,Andrew Abbott,R,L,Great American Ball Park,0,31.8,FADE,40.2,32.6,10.0,0.0,-6.0,-1.0,-4.2,4.0,2.3,69.6,32.8,61.0,69.0,0.5,6,5,97,91,,,,,212,blowing in,0,16.0,1,1,,,,LAA,28.2,STRONG,,,,LAA -1.5,STRONG,4.9,OVER,SLIGHT,4.5,
2026-04-12,2026-04-12T21:41:01,824696,PIT @ CHC,Pittsburgh Pirates,Chicago Cubs,Bubba Chandler,Jameson Taillon,R,R,Wrigley Field,0,39.0,FADE,44.5,23.2,10.7,8.0,-8.0,0.0,-1.8,4.0,-0.7,44.3,45.2,56.0,82.0,1.0,6,6,83,83,,,,,201,blowing in,0,20.5,1,1,,,,PIT,7.2,MODERATE,,,,PIT -1.5,LEAN,5.0,OVER,SLIGHT,4.5,
2026-04-12,2026-04-12T21:41:01,824859,SF @ BAL,San Francisco Giants,Baltimore Orioles,Adrian Houser,Cade Povich,R,L,Oriole Park at Camden Yards,0,17.4,FADE,43.7,37.6,0.0,-0.5,-6.0,-6.0,-0.6,0.0,0.9,41.3,53.2,56.0,64.0,0.5,6,,89,,,,,,141,blowing in,0,3.3,1,1,,,,BAL,-5.9,MODERATE,,,,BAL -1.5,SLIGHT,5.3,OVER,LEAN,4.5,
2026-04-12,2026-04-12T21:41:01,824938,CLE @ ATL,Cleveland Guardians,Atlanta Braves,Tanner Bibee,Chris Sale,R,L,Truist Park,0,34.2,FADE,41.3,32.6,8.0,7.7,-4.0,-2.0,-1.2,1.0,-3.0,37.2,57.6,69.0,61.0,1.0,6,6,87,77,,,,,166,blowing in,0,6.0,1,1,,,,ATL,-16.7,STRONG,,,,ATL -1.5,STRONG,5.1,OVER,LEAN,4.5,
2026-04-13,2026-04-14T01:16:00,823073,CLE @ STL,Cleveland Guardians,St. Louis Cardinals,Gavin Williams,Matthew Liberatore,R,L,Busch Stadium,0,39.4,FADE,47.9,31.4,13.0,0.0,-2.0,-1.0,0.0,1.0,-2.0,57.5,45.5,74.0,47.0,1.0,6,6,102,92,15.98,15.56,3,3,175,blowing in,0,8.1,1,1,,,,PICK,-0.4,TOSS-UP,,-0.5,0.0,No spread play,TOSS-UP,4.5,PUSH,TOSS-UP,4.5,
2026-04-13,2026-04-14T01:16:00,823153,HOU @ SEA,Houston Astros,Seattle Mariners,Mike Burrows,George Kirby,R,R,T-Mobile Park,1,33.2,FADE,41.0,29.4,4.0,0.0,-4.0,4.0,2.4,3,-3.0,37.7,54.2,25.0,82.0,1.0,6,6,87,90,16.57,13.69,3,3,,indoor,0,0,1,1,,,,HOU,4.3,LEAN,,-0.5,0.4,HOU -0.5,TOSS-UP,4.4,PUSH,TOSS-UP,4.5,
2026-04-13,2026-04-14T01:16:00,823400,WSH @ PIT,Washington Nationals,Pittsburgh Pirates,Cade Cavalli,Paul Skenes,R,R,PNC Park,0,14.3,FADE,45.2,20.6,3.8,0.0,-12,-2.0,0.6,0.0,-2.6,47.6,44.6,82.0,69.0,1.0,6,6,94,87,18.2,28.21,3,3,,,,,1,1,,,,PIT,-1.8,TOSS-UP,,-2.0,-2.0,No spread play,TOSS-UP,6.1,OVER,STRONG,4.5,
2026-04-13,2026-04-14T01:16:00,823481,CHC @ PHI,Chicago Cubs,Philadelphia Phillies,Javier Assad,Cristopher Sánchez,R,L,Citizens Bank Park,0,48.0,FADE,54.1,44.8,18.4,0.0,-8.0,2.0,-2.4,3.0,-1.6,53.2,57.8,56.0,52.0,1.0,6,6,80,92,14.12,17.03,1,3,211,blowing in,0,12.0,1,1,,,,PHI,-2.3,TOSS-UP,,0.0,-1.5,No spread play,TOSS-UP,4.2,UNDER,SLIGHT,4.5,
2026-04-13,2026-04-14T01:16:00,823563,LAA @ NYY,Los Angeles Angels,New York Yankees,Yusei Kikuchi,Will Warren,L,R,Yankee Stadium,0,21.1,FADE,42.9,31.0,-3.0,0.0,-2.0,4.0,-3.0,0.0,-2.5,40.7,51.8,69.0,69.0,0.5,6,5,97,85,18.77,16.99,3,3,253,blowing in,0,2.0,1,1,,,,NYY,-9.2,MODERATE,,-2.0,-1.0,NYY -0.5,SLIGHT,5.8,OVER,STRONG,4.5,
2026-04-13,2026-04-14T01:16:00,823725,BOS @ MIN,Boston Red Sox,Minnesota Twins,Garrett Crochet,Bailey Ober,L,R,Target Field,0,43.1,FADE,48.2,50.4,12.0,0.0,0.0,-7.0,-0.6,2.0,1.9,60.2,45.2,52.0,40.0,0.5,6,5,107,99,16.28,17.32,3,3,288,blowing in,0,0.2,1,1,,,,BOS,7.6,MODERATE,,-0.5,-1.0,BOS -0.5,SLIGHT,3.9,UNDER,LEAN,4.5,
2026-04-13,2026-04-14T01:16:00,823964,NYM @ LAD,New York Mets,Los Angeles Dodgers,David Peterson,Justin Wrobleski,L,L,UNIQLO Field at Dodger Stadium,0,12.8,FADE,42.4,31.4,-2.4,0.0,-8.0,-4.0,0.6,2.0,-2.3,40.7,49.3,74.0,47.0,0.0,5,7,85,78,15.65,15.6,3,1,264,blowing in,0,1.9,1,1,,,,LAD,-14.1,STRONG,,0.0,0.0,LAD -1.5,STRONG,5.5,OVER,LEAN,4.5,
2026-04-13,2026-04-14T01:16:00,824856,AZ @ BAL,Arizona Diamondbacks,Baltimore Orioles,Ryne Nelson,Dean Kremer,R,R,Oriole Park at Camden Yards,0,31.6,FADE,45.5,44.0,6.0,0.0,-4.0,-2.0,-0.6,1.0,-0.3,47.6,45.0,56.0,56.0,0.0,5,,86,,16.7,,3,,228,blowing in,0,6.5,1,1,,,,AZ,1.1,TOSS-UP,,-0.5,0.0,No spread play,TOSS-UP,5.0,OVER,SLIGHT,4.5,
2026-04-13,2026-04-14T01:16:00,824937,MIA @ ATL,Miami Marlins,Atlanta Braves,Eury Pérez,Grant Holmes,R,R,Truist Park,0,24.1,FADE,42.9,35.4,2.0,0.0,-4.0,0.0,-1.2,0.0,-0.9,40.1,54.2,69.0,47.0,0.0,5,5,95,99,17.76,14.74,3,3,177,blowing in,0,4.3,1,1,,,,ATL,-18.6,STRONG,,-1.5,0.0,ATL -1.5,STRONG,5.3,OVER,LEAN,4.5,
2026-04-13,2026-04-14T01:16:00,825024,TEX @ ATH,Texas Rangers,Athletics,Nathan Eovaldi,Luis Severino,R,R,Sutter Health Park,0,28.5,FADE,40.2,35.4,7.0,0.0,-10.0,3.0,0.0,0.0,1.1,39.8,41.6,47.0,69.0,0.5,6,5,93,100,18.21,21.37,3,3,,unknown,0,0,1,1,,,,TEX,6.7,LEAN,,-1.5,-2.5,TEX -0.5,SLIGHT,5.3,OVER,LEAN,4.5,
2026-04-14,2026-04-14T17:16:57,823072,CLE @ STL,Cleveland Guardians,St. Louis Cardinals,Joey Cantillo,Michael McGreevy,L,R,Busch Stadium,0,37.3,FADE,57.5,41.8,8.0,0.0,-4.0,-1.0,0.0,0.0,-3.0,56.3,62.3,61.0,47.0,1.0,6,6,88,91,18.57,15.75,3,3,,,,,0,0,,,,STL,-10.5,MODERATE,,-1.5,0.0,STL -1.5,LEAN,4.3,UNDER,SLIGHT,4.5,
2026-04-14,2026-04-14T17:16:57,823315,SEA @ SD,Seattle Mariners,San Diego Padres,Bryan Woo,Michael King,R,R,Petco Park,0,63.0,LEAN,55.4,48.6,11.0,13.9,0.0,-2.0,3.0,2.0,-3.0,65.0,53.0,56.0,33.0,1.0,6,6,83,95,14.29,15.51,3,3,353,blowing out,1.7,0,0,0,,,,SEA,1.5,TOSS-UP,,0.0,0.0,No spread play,TOSS-UP,2.9,UNDER,STRONG,4.5,
2026-04-14,2026-04-14T17:16:57,823398,WSH @ PIT,Washington Nationals,Pittsburgh Pirates,Miles Mikolas,Mitch Keller,R,R,PNC Park,0,37.6,FADE,40.9,38.2,9.0,-3.1,-2.0,6.0,0.6,1.0,-2.9,35.9,61.1,33.0,69.0,1.0,6,6,55,75,19.27,13.33,3,3,209,blowing in,0,8.1,0,0,,,,PIT,-10.9,MODERATE,,-2.5,0.4,PIT -1.5,LEAN,4.4,PUSH,TOSS-UP,4.5,
2026-04-14,2026-04-14T17:16:57,823478,CHC @ PHI,Chicago Cubs,Philadelphia Phillies,Riley Martin,Aaron Nola,L,R,Citizens Bank Park,0,46.5,FADE,57.7,41.2,0.0,9.0,6.0,-1.0,-2.4,0.0,-1.9,73.0,53.9,69.0,18.0,0.5,,6,,84,,15.73,,3,221,blowing in,0,9.8,0,0,,,,PHI,-1.9,TOSS-UP,,0.0,0.0,No spread play,TOSS-UP,3.2,UNDER,STRONG,4.5,
2026-04-14,2026-04-14T17:16:57,823562,LAA @ NYY,Los Angeles Angels,New York Yankees,Reid Detmers,Ryan Weathers,L,L,Yankee Stadium,0,30.5,FADE,50.4,45.8,4.7,4.0,-4.0,-3.0,-3.0,0.0,-2.8,48.8,56.6,47.0,56.0,0.5,6,5,92,101,19.06,18.13,3,3,217,blowing in,0,7.6,0,0,,,,NYY,-3.5,LEAN,,-2.5,-2.0,NYY -0.5,TOSS-UP,4.8,OVER,SLIGHT,4.5,
2026-04-14,2026-04-14T17:16:57,823723,BOS @ MIN,Boston Red Sox,Minnesota Twins,Sonny Gray,Mick Abel,R,R,Target Field,0,48.4,FADE,47.0,46.2,12.3,-0.9,2.0,-1.0,-0.6,2.0,1.4,59.6,43.8,61.0,25.0,0.5,6,5,90,102,16.24,19.0,3,2,328,blowing out,1.3,0,0,0,,,,BOS,1.7,TOSS-UP,,-0.5,-1.5,No spread play,TOSS-UP,3.6,UNDER,LEAN,4.5,
2026-04-14,2026-04-14T17:16:57,823802,TOR @ MIL,Toronto Blue Jays,Milwaukee Brewers,Kevin Gausman,Jacob Misiorowski,R,R,American Family Field,1,48.3,FADE,56.8,20.6,11.0,11.0,-6.0,-2.0,-0.6,3,1.2,65.9,54.5,82.0,69.0,0.0,7,7,84,101,14.81,17.8,3,3,,indoor,0,0,0,0,,,,TOR,6.2,LEAN,,0.0,-1.5,TOR -0.5,SLIGHT,4.0,UNDER,SLIGHT,4.5,
2026-04-14,2026-04-14T17:16:57,823965,NYM @ LAD,New York Mets,Los Angeles Dodgers,Nolan McLean,Yoshinobu Yamamoto,R,R,UNIQLO Field at Dodger Stadium,0,41.8,FADE,62.2,30.8,8.9,0.0,-4.0,1.0,0.6,2.0,-2.4,62.0,62.9,82.0,18.0,0.0,5,7,100,97,16.68,15.5,3,3,109,blowing out,2.4,0,0,0,,,,LAD,-20.5,STRONG,,-0.5,0.0,LAD -1.5,STRONG,3.7,UNDER,LEAN,4.5,
2026-04-14,2026-04-14T17:16:57,824210,COL @ HOU,Colorado Rockies,Houston Astros,TBD,Colton Gordon,?,L,Daikin Park,0,17.9,FADE,24.4,30.8,-2.8,0.0,-2.0,6.0,0.0,0.0,-2.0,50.0,18.0,82.0,18.0,0.0,,,,,,,,,,unknown,0,0,0,0,,,,COL,3.2,LEAN,,0.0,0.0,COL -0.5,TOSS-UP,5.2,OVER,LEAN,4.5,
2026-04-14,2026-04-14T17:16:57,824292,KC @ DET,Kansas City Royals,Detroit Tigers,Cole Ragans,Framber Valdez,L,L,Comerica Park,0,35.1,FADE,39.1,40.6,-6.0,16.7,-6.0,1.0,0.0,0.0,0.6,38.0,43.7,66.0,33.0,1.0,6,6,18,87,21.44,15.47,3,3,184,blowing in,0,3.5,0,0,,,,DET,-17.4,STRONG,,-2.5,0.0,DET -1.5,STRONG,4.6,PUSH,TOSS-UP,4.5,
2026-04-14,2026-04-14T17:16:57,824531,SF @ CIN,San Francisco Giants,Cincinnati Reds,Robbie Ray,Brady Singer,L,R,Great American Ball Park,0,12.6,FADE,44.7,39.6,4.0,-8.2,-6.0,-3.0,-4.2,-1.0,0.5,58.4,41.3,69.0,26.0,0.5,7,6,109,73,17.01,21.09,3,3,67,blowing out,8.1,0,0,0,,,,SF,1.2,TOSS-UP,,-1.0,-2.5,No spread play,TOSS-UP,5.3,OVER,LEAN,4.5,
2026-04-14,2026-04-14T17:16:57,824616,TB @ CWS,Tampa Bay Rays,Chicago White Sox,Shane McClanahan,Noah Schultz,L,L,Rate Field,0,30.2,FADE,50.1,44.6,1.7,0.0,-6.0,5.0,-1.2,0.0,-3.0,50.4,50.0,33.0,61.0,0.0,8,,69,,17.09,,2,,299,crosswind,0,0,0,0,,,,TB,7.7,MODERATE,,-0.7,0.0,TB -0.5,SLIGHT,4.7,OVER,SLIGHT,4.5,
2026-04-14,2026-04-14T17:16:57,824853,AZ @ BAL,Arizona Diamondbacks,Baltimore Orioles,Merrill Kelly,Trevor Rogers,R,L,Oriole Park at Camden Yards,0,50.1,TOSS-UP,57.5,45.4,16.0,1.3,-2.0,-1.0,-0.6,0.0,-0.8,57.0,59.6,56.0,49.0,0.0,,7,,101,,14.86,,3,94,blowing out,1.6,0,0,0,,,,BAL,-3.9,LEAN,,0.0,0.0,BAL -0.5,TOSS-UP,3.9,UNDER,LEAN,4.5,
2026-04-14,2026-04-14T17:16:57,824935,MIA @ ATL,Miami Marlins,Atlanta Braves,Max Meyer,Reynaldo López,R,R,Truist Park,0,13.6,FADE,48.6,32.6,-5.1,-5.6,-4.0,0.0,-1.2,0.0,-0.5,46.4,57.5,69.0,61.0,0.0,5,7,87,80,17.56,15.26,3,3,,,,,0,0,,,,ATL,-11.6,MODERATE,,-1.0,0.0,ATL -1.5,LEAN,5.4,OVER,LEAN,4.5,
2026-04-14,2026-04-14T17:16:57,825022,TEX @ ATH,Texas Rangers,Athletics,MacKenzie Gore,Jeffrey Springs,L,L,Sutter Health Park,0,49.9,FADE,61.4,54.2,1.0,-1.7,6.0,1.0,0.0,0.0,1.9,61.1,62.6,33.0,49.0,0.5,6,5,82,93,15.98,15.34,3,3,,unknown,0,0,0,0,,,,TEX,3.8,LEAN,,0.0,0.0,TEX -0.5,TOSS-UP,3.3,UNDER,STRONG,4.5,
2026-04-16,2026-04-16T20:35:12,823313,SEA @ SD,Seattle Mariners,San Diego Padres,Luis Castillo,Walker Buehler,R,R,Petco Park,0,36.7,FADE,44.4,48.6,5.0,0.2,0.0,-5.0,3.0,2.0,-1.1,44.0,45.8,56.0,33.0,0.5,5,6,91,68,22.01,17.4,3,3,241,blowing in,0,3.2,1,1,0,0,0.0,SEA,4.3,LEAN,1.0,-2.5,-1.5,SEA -0.5,TOSS-UP,4.3,UNDER,SLIGHT,4.5,0.5
2026-04-16,2026-04-16T20:35:12,823396,WSH @ PIT,Washington Nationals,Pittsburgh Pirates,Foster Griffin,Braxton Ashcraft,L,R,PNC Park,0,45.3,FADE,55.5,48.6,12.1,0.5,-8.0,4.0,0.6,2.0,-3.0,53.6,63.2,33.0,56.0,0.0,5,5,80,77,17.07,14.8,3,3,223,blowing in,0,13.8,1,1,0,0,0.0,PIT,-26.0,STRONG,5.0,-1.0,0.0,PIT -1.5,STRONG,3.8,UNDER,LEAN,4.5,1.5
2026-04-16,2026-04-16T20:35:12,823560,LAA @ NYY,Los Angeles Angels,New York Yankees,Brent Suter,Max Fried,L,L,Yankee Stadium,0,22.6,FADE,67.2,33.6,3.0,0.0,-4.0,-3.0,-3.0,0.0,-3.0,70.5,66.4,56.0,69.0,0.0,,5,,94,,13.41,,4,154,blowing in,0,7.4,1,1,1,0,-6.0,LAA,7.2,LEAN,1.5,0.0,0.5,LAA -0.5,SLIGHT,4.9,OVER,SLIGHT,4.5,1.0
2026-04-16,2026-04-16T20:35:12,823801,TOR @ MIL,Toronto Blue Jays,Milwaukee Brewers,Patrick Corbin,Brandon Sproat,L,R,American Family Field,1,35.9,FADE,45.7,19.6,2.0,5.9,-4.0,3.0,-0.6,3,0.6,45.9,45.7,82.0,74.0,0.5,6,18,85,86,21.25,28.67,1,1,,indoor,0,0,1,1,0,0,0.0,MIL,-7.2,MODERATE,1.5,-0.8,-0.8,MIL -0.5,SLIGHT,5.2,OVER,LEAN,4.5,1.5
2026-04-16,2026-04-16T20:35:12,824208,COL @ HOU,Colorado Rockies,Houston Astros,Juan Mejia,Ryan Weiss,R,R,Daikin Park,0,3.4,FADE,26.8,24.0,0.0,-2.1,-2.0,3.0,0.0,0.0,-1.6,26.0,30.0,82.0,52.0,0.0,,,,,,,,,,unknown,0,0,1,1,1,1,-12.0,HOU,-9.5,LEAN,2.0,0.0,0.0,HOU -0.5,SLIGHT,7.6,OVER,LEAN,4.5,5.0
2026-04-16,2026-04-16T20:35:12,824289,KC @ DET,Kansas City Royals,Detroit Tigers,Kris Bubic,Keider Montero,L,R,Comerica Park,0,71.8,LEAN,60.5,68.6,15.3,-1.9,6.0,4.0,0.0,2.0,1.0,62.3,60.0,33.0,25.0,1.0,6,6,88,80,14.76,13.94,3,2,238,blowing in,0,4.6,1,1,0,0,0.0,KC,1.9,TOSS-UP,0.0,0.0,0.3,No spread play,TOSS-UP,2.4,UNDER,STRONG,4.5,4.0
2026-04-16,2026-04-16T20:35:12,824453,BAL @ CLE,Baltimore Orioles,Cleveland Guardians,Shane Baz,Parker Messick,R,L,Progressive Field,0,35.5,FADE,50.1,46.4,8.7,1.1,-8.0,-3.0,1.2,0.0,0.8,47.0,62.6,40.0,57.0,0.5,6,5,99,84,17.24,14.49,3,3,,,,,1,1,0,0,0.0,CLE,-1.7,TOSS-UP,0.0,-1.0,0.0,No spread play,TOSS-UP,4.2,UNDER,SLIGHT,4.5,0.5
2026-04-16,2026-04-16T20:35:12,824530,SF @ CIN,San Francisco Giants,Cincinnati Reds,Landen Roupp,Chase Burns,R,R,Great American Ball Park,0,35.4,FADE,50.5,33.6,12.1,0.0,0.0,-5.0,-4.2,0.0,0.4,57.5,48.8,69.0,56.0,1.0,6,6,93,92,16.84,15.78,3,3,,,,,1,1,0,0,0.0,SF,4.5,LEAN,1.0,-0.5,0.0,SF -0.5,TOSS-UP,4.9,OVER,SLIGHT,4.5,1.0
2026-04-16,2026-04-16T20:35:12,824614,TB @ CWS,Tampa Bay Rays,Chicago White Sox,Steven Matz,Jordan Leasure,L,R,Rate Field,0,20.6,FADE,57.0,40.0,-2.0,-2.4,-6.0,5.0,-1.2,0.0,-3.0,59.0,56.5,56.0,61.0,0.5,6,,88,,16.66,,3,,,,,,1,1,0,1,-6.0,TB,11.0,LEAN,2.5,-0.5,0.0,TB -1.5,SLIGHT,5.3,OVER,LEAN,4.5,1.5
2026-04-16,2026-04-16T20:35:12,825023,TEX @ ATH,Texas Rangers,Athletics,Jack Leiter,Jacob Lopez,R,L,Sutter Health Park,0,7.0,FADE,37.2,43.2,-2.0,-10.0,-4.0,-5.0,0.0,0.0,0.5,42.5,35.9,61.0,40.0,0.0,5,5,93,96,19.23,21.06,3,3,,unknown,0,0,1,1,0,0,0.0,ATH,-9.8,MODERATE,2.5,-2.0,-2.5,ATH -0.5,SLIGHT,5.8,OVER,STRONG,4.5,2.5
2026-04-17,2026-04-17T17:37:14,822752,SF @ WSH,San Francisco Giants,Washington Nationals,Logan Webb,Zack Littell,R,R,Nationals Park,0,47.8,FADE,42.2,45.8,17.0,-1.8,0.0,2.0,0.6,0.0,-0.9,41.2,46.0,56.0,47.0,0.5,6,5,98,71,16.0,14.1,4,2,37,blowing out,2.6,0,0,0,0,0,0.0,WSH,-0.5,TOSS-UP,0.0,-0.7,0.0,No spread play,TOSS-UP,4.6,PUSH,TOSS-UP,4.5,0.0
2026-04-17,2026-04-17T17:37:14,823152,TEX @ SEA,Texas Rangers,Seattle Mariners,Jacob deGrom,Logan Gilbert,R,R,T-Mobile Park,1,23.2,FADE,58.6,48.6,-8.0,1.0,-6.0,-5.0,2.4,3,-2.7,58.4,59.2,33.0,56.0,0.0,5,5,93,85,16.01,15.52,3,4,,indoor,0,0,0,0,0,0,0.0,TEX,10.0,MODERATE,2.5,-0.5,0.0,TEX -1.5,LEAN,4.1,UNDER,SLIGHT,4.5,1.0
2026-04-17,2026-04-17T17:37:14,823397,TB @ PIT,Tampa Bay Rays,Pittsburgh Pirates,Nick Martinez,Bubba Chandler,R,R,PNC Park,0,34.1,FADE,46.6,22.2,11.7,6.7,-8.0,-1.0,0.6,0.0,-2.9,56.0,44.3,82.0,61.0,0.5,6,5,87,91,15.6,18.3,3,3,,,,,0,0,0,0,0.0,TB,7.9,MODERATE,2.0,0.0,-2.0,TB -0.5,SLIGHT,5.1,OVER,LEAN,4.5,1.0
2026-04-17,2026-04-17T17:37:14,823476,ATL @ PHI,Atlanta Braves,Philadelphia Phillies,Martín Pérez,Taijuan Walker,L,R,Citizens Bank Park,0,0,FADE,39.8,31.0,-21.0,0.0,4.0,-5.0,-2.4,-1.0,-3.0,55.4,35.9,69.0,69.0,1.0,6,6,86,85,16.1,18.54,2,3,60,blowing out,7.0,0,0,0,0,0,0.0,ATL,33.2,STRONG,5.0,-0.3,-1.5,ATL -1.5,STRONG,6.2,OVER,STRONG,4.5,3.5
2026-04-17,2026-04-17T17:37:14,823559,KC @ NYY,Kansas City Royals,New York Yankees,Michael Wacha,Cam Schlittler,R,R,Yankee Stadium,0,55.6,TOSS-UP,64.3,48.6,7.0,11.0,0.0,0.0,-3.0,2.0,-3.0,62.6,71.2,56.0,33.0,0.5,6,5,88,85,12.97,14.76,3,4,92,blowing out,2.6,0,0,0,0,0,0.0,NYY,-4.9,LEAN,1.0,0.8,0.0,NYY -0.5,TOSS-UP,3.2,UNDER,STRONG,4.5,2.5
2026-04-17,2026-04-17T17:37:14,823720,CIN @ MIN,Cincinnati Reds,Minnesota Twins,Brandon Williamson,Joe Ryan,L,R,Target Field,0,31.5,FADE,41.2,36.8,2.4,0.0,-4.0,-1.0,-0.6,5.0,1.0,36.5,60.0,40.0,69.0,1.0,6,6,93,91,19.11,17.1,3,4,319,crosswind,0,0,0,0,0,0,0.0,MIN,-13.0,STRONG,3.0,-2.5,-1.7,MIN -1.5,LEAN,4.3,UNDER,SLIGHT,4.5,0.5
2026-04-17,2026-04-17T17:37:14,823883,MIL @ MIA,Milwaukee Brewers,Miami Marlins,TBD,Janson Junk,?,R,loanDepot park,1,34.1,FADE,47.6,22.2,2.0,-1.3,-4.0,4.0,1.8,3,1.1,50.0,47.0,61.0,82.0,0.5,,6,,99,,16.63,,3,,indoor,0,0,0,0,0,0,0.0,MIL,10.7,MODERATE,2.5,0.0,-1.0,MIL -1.5,LEAN,4.8,OVER,SLIGHT,4.5,0.5
2026-04-17,2026-04-17T17:37:14,824048,SD @ LAA,San Diego Padres,Los Angeles Angels,Matt Waldron,José Soriano,R,R,Angel Stadium,0,34.6,FADE,49.8,32.6,5.7,-0.6,2.0,-5.0,0.0,2.0,0.0,44.8,69.6,69.0,61.0,0.0,,5,,106,,14.36,,4,200,blowing in,0,3.3,0,0,0,0,0.0,LAA,-16.0,STRONG,4.0,0.0,0.0,LAA -1.5,STRONG,4.4,PUSH,TOSS-UP,4.5,0.0
2026-04-17,2026-04-17T17:37:14,824207,STL @ HOU,St. Louis Cardinals,Houston Astros,Kyle Leahy,Peter Lambert,R,R,Daikin Park,0,20.3,FADE,40.4,19.6,1.3,0.0,-2.0,-1.0,0.0,0.0,-1.6,38.0,50.0,82.0,74.0,0.5,6,,71,,17.65,,3,,,unknown,0,0,0,0,0,0,0.0,HOU,-7.5,MODERATE,1.5,-1.5,0.0,HOU -0.5,SLIGHT,5.9,OVER,STRONG,4.5,3.0
2026-04-17,2026-04-17T17:37:14,824373,LAD @ COL,Los Angeles Dodgers,Colorado Rockies,Tyler Glasnow,Tomoyuki Sugano,R,R,Coors Field,0,24.3,FADE,59.0,33.6,1.0,4.0,-6.0,-2.0,-8,0.0,0.3,60.2,58.7,56.0,69.0,0.0,7,7,100,81,16.17,13.98,3,3,,,,,0,0,0,0,0.0,LAD,7.4,MODERATE,1.5,-0.5,0.4,LAD -0.5,SLIGHT,5.1,OVER,LEAN,4.5,1.0
2026-04-17,2026-04-17T17:37:14,824454,BAL @ CLE,Baltimore Orioles,Cleveland Guardians,Chris Bassitt,Tanner Bibee,R,R,Progressive Field,0,26.8,FADE,37.1,45.8,10.0,-8.4,-4.0,-3.0,1.2,2.0,0.3,37.1,37.2,47.0,56.0,0.5,6,5,89,93,24.38,18.17,3,4,108,crosswind,0,0,0,0,0,0,0.0,BAL,9.5,MODERATE,2.0,-2.5,-2.7,BAL -0.5,SLIGHT,5.4,OVER,LEAN,4.5,2.0
2026-04-17,2026-04-17T17:37:14,824693,NYM @ CHC,New York Mets,Chicago Cubs,Kodai Senga,Edward Cabrera,R,R,Wrigley Field,0,43.9,FADE,42.6,57.4,9.0,0.7,2.0,0.0,-1.8,2.0,-2.5,39.2,56.0,47.0,25.0,1.0,6,6,72,98,20.57,16.68,3,3,175,blowing in,0,10.5,1,1,0,0,0.0,CHC,-18.9,STRONG,4.5,-2.0,-0.5,CHC -1.5,STRONG,4.0,UNDER,SLIGHT,4.5,1.0
2026-04-17,2026-04-17T17:37:14,824778,DET @ BOS,Detroit Tigers,Boston Red Sox,Casey Mize,Ranger Suarez,R,L,Fenway Park,0,33.0,FADE,39.3,32.6,12.0,-2.0,0.0,-7.0,-3.0,5.0,1.2,47.0,37.4,61.0,69.0,1.0,6,6,74,84,16.44,16.76,3,3,285,crosswind,0,0,0,0,0,0,0.0,DET,7.0,MODERATE,1.5,-0.5,-1.0,DET -0.5,SLIGHT,5.2,OVER,LEAN,4.5,1.5
2026-04-17,2026-04-17T17:37:14,825019,CWS @ ATH,Chicago White Sox,Athletics,Davis Martin,Aaron Civale,R,R,Sutter Health Park,0,43.4,FADE,57.7,75.6,1.0,-1.1,-2.0,-1.0,0.0,0.0,1.6,59.6,57.2,26.0,18.0,0.0,7,5,82,75,14.76,16.08,3,3,,unknown,0,0,0,0,0,0,0.0,CWS,5.0,LEAN,1.0,0.0,-0.5,CWS -0.5,SLIGHT,3.3,UNDER,STRONG,4.5,2.5
2026-04-17,2026-04-17T17:37:14,825101,TOR @ AZ,Toronto Blue Jays,Arizona Diamondbacks,Eric Lauer,Michael Soroka,L,R,Chase Field,1,28.5,FADE,41.1,26.2,7.0,1.0,-6.0,-1.0,0.6,3,-1.6,37.1,56.9,77.0,61.0,0.5,6,7,95,93,19.54,17.47,3,3,,indoor,0,0,0,0,0,0,0.0,AZ,-18.2,STRONG,4.5,-2.5,-1.5,AZ -1.5,STRONG,5.2,OVER,LEAN,4.5,1.5
2026-04-18,2026-04-18T16:49:20,822751,SF @ WSH,San Francisco Giants,Washington Nationals,Adrian Houser,Cade Cavalli,R,R,Nationals Park,0,14.6,FADE,39.6,23.2,-6.7,0.5,-6.0,0.0,0.6,3.0,-0.9,41.3,39.2,82.0,56.0,0.5,6,5,88,48,16.61,22.65,3,4,128,blowing in,0,10.8,1,0,0,0,0.0,WSH,-6.5,LEAN,1.5,-0.5,-3.3,WSH -0.5,SLIGHT,5.8,OVER,STRONG,4.5,2.5
2026-04-18,2026-04-18T16:49:20,823151,TEX @ SEA,Texas Rangers,Seattle Mariners,Nathan Eovaldi,George Kirby,R,R,T-Mobile Park,1,35.2,FADE,43.4,45.2,7.0,7.0,-2.0,-10.0,2.4,3,-3.0,38.4,63.2,18.0,64.0,0.0,5,5,84,99,16.66,13.5,4,4,,indoor,0,0,0,0,0,0,0.0,SEA,-12.9,STRONG,3.0,-0.7,0.5,SEA -1.5,LEAN,3.8,UNDER,LEAN,4.5,1.5
2026-04-18,2026-04-18T16:49:20,823394,TB @ PIT,Tampa Bay Rays,Pittsburgh Pirates,Drew Rasmussen,Paul Skenes,R,R,PNC Park,0,39.3,FADE,59.6,19.6,13.0,-0.4,-8.0,1.0,0.6,3.0,-2.1,62.6,58.8,82.0,74.0,0.5,6,5,76,88,15.02,24.83,3,4,221,blowing in,0,10.5,0,0,0,0,0.0,TB,0.5,TOSS-UP,0.0,0.0,-2.7,No spread play,TOSS-UP,4.5,PUSH,TOSS-UP,4.5,0.0
2026-04-18,2026-04-18T16:49:20,823474,ATL @ PHI,Atlanta Braves,Philadelphia Phillies,Chris Sale,Cristopher Sánchez,L,L,Citizens Bank Park,0,31.4,FADE,58.2,24.6,18.0,-10.0,-4.0,-2.0,-2.4,2.0,-3.0,57.6,60.4,69.0,77.0,0.5,6,5,97,96,15.81,16.77,4,4,130,crosswind,0,0,0,0,0,0,0.0,ATL,9.0,MODERATE,2.0,0.0,-1.0,ATL -0.5,SLIGHT,5.1,OVER,LEAN,4.5,1.0
2026-04-18,2026-04-18T16:49:20,823558,KC @ NYY,Kansas City Royals,New York Yankees,Noah Cameron,Will Warren,L,R,Yankee Stadium,0,43.7,FADE,52.3,45.8,8.0,2.7,0.0,1.0,-3.0,2.0,-2.5,50.3,60.4,56.0,47.0,0.5,6,5,67,89,15.63,18.81,3,4,115,crosswind,0,0,1,1,0,0,0.0,NYY,-6.7,LEAN,1.5,0.0,-2.7,NYY -0.5,SLIGHT,4.2,UNDER,SLIGHT,4.5,0.5
2026-04-18,2026-04-18T16:49:20,823721,CIN @ MIN,Cincinnati Reds,Minnesota Twins,Andrew Abbott,Taj Bradley,L,R,Target Field,0,26.1,FADE,38.4,29.6,1.0,0.0,-6.0,0.0,-0.6,5.0,1.0,32.8,60.8,74.0,56.0,1.0,6,6,71,106,17.52,18.88,4,4,292,crosswind,0,0,1,1,0,0,0.0,MIN,-29.7,STRONG,5.0,-1.3,-2.3,MIN -1.5,STRONG,4.9,OVER,SLIGHT,4.5,1.0
2026-04-18,2026-04-18T16:49:20,823882,MIL @ MIA,Milwaukee Brewers,Miami Marlins,Brandon Woodruff,Sandy Alcantara,R,R,loanDepot park,1,49.1,FADE,55.4,41.8,-2.0,8.5,-4.0,4.0,1.8,3,1.4,53.3,63.6,61.0,47.0,1.0,6,6,70,100,13.88,12.21,3,4,,indoor,0,0,1,0,0,0,0.0,MIA,-14.0,STRONG,3.5,0.4,1.0,MIA -1.5,STRONG,3.4,UNDER,LEAN,4.5,2.5
2026-04-18,2026-04-18T16:49:20,824049,SD @ LAA,San Diego Padres,Los Angeles Angels,Germán Márquez,Yusei Kikuchi,R,L,Angel Stadium,0,0,FADE,33.8,33.6,-15.0,-10.7,-4.0,-7.0,0.0,2.0,1.0,37.7,32.8,69.0,56.0,0.0,7,5,86,82,19.09,20.23,3,4,163,blowing in,0,2.0,0,0,0,0,0.0,SD,9.9,MODERATE,2.5,-2.5,-3.3,SD -0.5,SLIGHT,6.6,OVER,STRONG,4.5,4.0
2026-04-18,2026-04-18T16:49:20,824206,STL @ HOU,St. Louis Cardinals,Houston Astros,Andre Pallante,Lance McCullers Jr.,R,R,Daikin Park,0,7.7,FADE,41.2,19.6,-10.0,-1.8,-6.0,3.0,0.0,0.0,-1.5,40.4,44.6,82.0,74.0,0.5,6,7,95,79,18.07,17.23,3,3,,unknown,0,0,0,0,0,0,0.0,HOU,-1.2,TOSS-UP,0.0,-2.0,-1.5,No spread play,TOSS-UP,6.4,OVER,STRONG,4.5,4.0
2026-04-18,2026-04-18T16:49:20,824372,LAD @ COL,Los Angeles Dodgers,Colorado Rockies,Emmet Sheehan,Ryan Feltner,R,R,Coors Field,0,10.3,FADE,34.7,33.6,-4.6,-0.9,-8.0,3.0,-8,5.0,-0.2,35.9,34.4,56.0,69.0,0.0,7,7,77,82,18.34,16.43,3,3,199,blowing in,0,4.7,0,0,0,0,0.0,LAD,5.8,LEAN,1.0,-1.5,-0.5,LAD -0.5,SLIGHT,6.4,OVER,STRONG,4.5,4.0
2026-04-18,2026-04-18T16:49:20,824451,BAL @ CLE,Baltimore Orioles,Cleveland Guardians,Dean Kremer,Gavin Williams,R,R,Progressive Field,0,51.7,TOSS-UP,52.6,45.8,6.0,4.0,-2.0,1.0,1.2,5.0,1.4,51.4,57.6,47.0,56.0,0.0,5,5,80,93,16.0,16.64,1,4,288,crosswind,0,0,0,0,0,0,0.0,CLE,-10.1,MODERATE,2.5,-0.2,-1.3,CLE -1.5,LEAN,3.5,UNDER,LEAN,4.5,2.0
2026-04-18,2026-04-18T16:49:20,824694,NYM @ CHC,New York Mets,Chicago Cubs,Freddy Peralta,Jameson Taillon,R,R,Wrigley Field,0,50.3,TOSS-UP,46.9,50.2,13.0,6.0,2.0,-1.0,-1.8,0.0,-2.5,53.6,45.2,56.0,25.0,1.0,6,6,100,102,17.89,16.35,4,3,,,,,1,1,0,0,0.0,NYM,0.6,TOSS-UP,0.0,-1.3,-0.5,No spread play,TOSS-UP,3.9,UNDER,LEAN,4.5,1.0
2026-04-18,2026-04-18T16:49:20,824775,DET @ BOS,Detroit Tigers,Boston Red Sox,Tarik Skubal,Brayan Bello,L,R,Fenway Park,0,44.4,FADE,42.5,41.8,15.0,3.5,-6.0,-2.0,-3.0,5.0,1.3,70.0,35.6,47.0,61.0,1.0,6,6,96,94,14.88,19.87,4,3,48,blowing out,5.5,0,1,0,0,0,0.0,DET,40.8,STRONG,5.0,0.0,-2.5,DET -1.5,STRONG,4.1,UNDER,SLIGHT,4.5,1.0
2026-04-18,2026-04-18T16:49:20,825020,CWS @ ATH,Chicago White Sox,Athletics,Erick Fedde,Luis Severino,R,R,Sutter Health Park,0,10.2,FADE,40.8,54.4,-7.0,-8.0,-4.0,-4.0,0.0,0.0,1.2,53.6,37.6,47.0,40.0,0.0,7,5,85,94,16.5,19.94,2,4,,unknown,0,0,0,0,0,0,0.0,CWS,15.6,STRONG,4.0,-0.3,-3.0,CWS -1.5,STRONG,5.1,OVER,LEAN,4.5,1.0
2026-04-18,2026-04-18T16:49:20,825098,TOR @ AZ,Toronto Blue Jays,Arizona Diamondbacks,Max Scherzer,Zac Gallen,R,R,Chase Field,1,19.0,FADE,38.8,45.8,-7.0,-4.9,-2.0,1.0,0.6,3,-1.6,37.7,43.2,56.0,47.0,1.0,6,6,68,84,20.33,17.37,3,4,,indoor,0,0,0,0,0,0,0.0,AZ,-9.7,MODERATE,2.5,-2.5,-1.7,AZ -0.5,SLIGHT,5.2,OVER,LEAN,4.5,1.5
2026-04-19,2026-04-19T16:49:59,822750,SF @ WSH,San Francisco Giants,Washington Nationals,Robbie Ray,PJ Poulin,L,L,Nationals Park,0,34.8,FADE,46.3,35.4,7.3,2.9,-2.0,5.0,0.6,-1.0,-1.7,57.2,43.6,69.0,47.0,0.0,5,5,94,25,17.46,17.0,4,2,294,blowing out,12.4,0,1,1,0,1,-6.0,SF,12.8,LEAN,3.0,-1.7,-0.8,SF -1.5,SLIGHT,5.0,OVER,SLIGHT,4.5,1.0
2026-04-19,2026-04-19T16:49:59,823150,TEX @ SEA,Texas Rangers,Seattle Mariners,MacKenzie Gore,Bryan Woo,L,R,T-Mobile Park,1,38.8,FADE,62.0,45.8,4.0,-4.0,0.0,-3.0,2.4,3,-3.0,60.4,68.4,47.0,56.0,0.0,5,5,94,92,17.02,14.0,4,4,,indoor,0,0,0,0,0,0,0.0,TEX,12.4,STRONG,3.0,-1.3,0.5,TEX -1.5,LEAN,3.7,UNDER,LEAN,4.5,1.5
2026-04-19,2026-04-19T16:49:59,823393,TB @ PIT,Tampa Bay Rays,Pittsburgh Pirates,Shane McClanahan,Mitch Keller,L,R,PNC Park,0,39.1,FADE,52.1,32.8,7.6,2.1,-4.0,1.0,0.6,2.0,-1.8,52.4,52.0,40.0,74.0,0.0,5,5,83,90,16.93,15.62,3,4,267,blowing in,0,5.5,1,1,0,0,0.0,TB,4.6,LEAN,1.0,-0.5,0.0,TB -0.5,TOSS-UP,4.4,PUSH,TOSS-UP,4.5,0.0
2026-04-19,2026-04-19T16:49:59,823475,ATL @ PHI,Atlanta Braves,Philadelphia Phillies,Grant Holmes,Andrew Painter,R,R,Citizens Bank Park,0,36.7,FADE,52.8,41.2,11.5,0.0,-4.0,0.0,-2.4,0.0,-3.0,52.8,52.8,18.0,69.0,0.5,6,13,59,90,14.74,19.12,4,2,,,,,0,0,0,0,0.0,ATL,20.5,STRONG,5.0,0.0,-1.5,ATL -1.5,STRONG,4.4,PUSH,TOSS-UP,4.5,0.0
2026-04-19,2026-04-19T16:49:59,823556,KC @ NYY,Kansas City Royals,New York Yankees,Cole Ragans,Ryan Weathers,L,L,Yankee Stadium,0,23.0,FADE,44.2,27.8,2.0,2.9,-6.0,-3.0,-3.0,5.0,-1.8,43.6,46.8,82.0,33.0,0.0,5,5,93,94,19.96,18.3,4,4,319,blowing out,4.0,0,1,1,0,0,0.0,NYY,-18.3,STRONG,4.5,-3.0,-2.7,NYY -1.5,STRONG,5.1,OVER,LEAN,4.5,1.0
2026-04-19,2026-04-19T16:49:59,823718,CIN @ MIN,Cincinnati Reds,Minnesota Twins,Brady Singer,Bailey Ober,R,R,Target Field,0,26.5,FADE,38.2,41.8,6.0,-11.6,-4.0,3.0,-0.6,5.0,0.5,37.2,42.4,61.0,47.0,0.5,5,6,75,95,18.94,16.95,4,4,320,blowing out,3.1,0,1,1,0,0,0.0,MIN,-27.7,STRONG,5.0,-2.3,-0.7,MIN -1.5,STRONG,5.2,OVER,LEAN,4.5,1.5
2026-04-19,2026-04-19T16:49:59,823881,MIL @ MIA,Milwaukee Brewers,Miami Marlins,Jacob Misiorowski,Eury Pérez,R,R,loanDepot park,1,18.8,FADE,37.1,20.6,-2.0,0.0,-8.0,0.0,1.8,3,1.6,54.4,32.8,69.0,82.0,0.5,5,6,76,76,16.91,18.07,4,4,,indoor,0,0,1,1,0,0,0.0,MIL,27.2,STRONG,5.0,-1.0,-2.7,MIL -1.5,STRONG,5.6,OVER,LEAN,4.5,2.5
2026-04-19,2026-04-19T16:49:59,824047,SD @ LAA,San Diego Padres,Los Angeles Angels,Michael King,Reid Detmers,R,L,Angel Stadium,0,38.6,FADE,57.4,45.8,8.1,0.0,-2.0,-7.0,0.0,1.0,1.2,56.4,61.2,47.0,56.0,0.0,5,5,85,99,15.17,17.83,4,4,230,blowing in,0,7.7,0,0,0,0,0.0,SD,5.7,LEAN,1.0,0.0,-1.7,SD -0.5,SLIGHT,4.0,UNDER,SLIGHT,4.5,1.0
2026-04-19,2026-04-19T16:49:59,824205,STL @ HOU,St. Louis Cardinals,Houston Astros,Matthew Liberatore,Mike Burrows,L,R,Daikin Park,0,7.5,FADE,35.9,19.6,-2.0,0.0,-10.0,0.0,0.0,0.0,-2.6,37.2,35.6,82.0,74.0,1.0,6,6,105,98,16.92,16.51,4,4,,unknown,0,0,1,1,0,0,0.0,STL,4.5,LEAN,1.0,-1.0,-0.7,STL -0.5,TOSS-UP,6.9,OVER,STRONG,4.5,5.0
2026-04-19,2026-04-19T16:49:59,824371,LAD @ COL,Los Angeles Dodgers,Colorado Rockies,Roki Sasaki,Michael Lorenzen,R,R,Coors Field,0,12.3,FADE,36.1,33.6,4.5,2.7,-8.0,-1.0,-8,-1.0,-1.5,38.0,35.6,56.0,69.0,0.0,7,5,94,71,20.33,22.85,3,4,58,blowing out,6.0,0,1,1,0,0,0.0,LAD,2.8,TOSS-UP,0.0,-2.5,-3.3,No spread play,TOSS-UP,6.6,OVER,STRONG,4.5,4.0
2026-04-19,2026-04-19T16:49:59,824452,BAL @ CLE,Baltimore Orioles,Cleveland Guardians,Trevor Rogers,Joey Cantillo,L,L,Progressive Field,0,45.1,FADE,55.7,54.4,16.0,-10.6,-4.0,2.0,1.2,0.0,1.8,56.0,55.6,47.0,40.0,0.0,5,5,99,82,16.45,17.35,4,4,,,,,1,1,0,0,0.0,CLE,-8.6,MODERATE,2.0,-0.7,-1.3,CLE -0.5,SLIGHT,4.0,UNDER,SLIGHT,4.5,1.0
2026-04-19,2026-04-19T16:49:59,824691,NYM @ CHC,New York Mets,Chicago Cubs,Tobias Myers,Javier Assad,R,R,Wrigley Field,0,17.6,FADE,43.6,50.2,3.6,-11.9,2.0,-1.0,-1.8,2.0,-2.0,59.5,39.6,56.0,25.0,0.5,,6,,82,,16.52,,2,25,blowing out,12.1,0,1,1,1,0,-6.0,CHC,-11.7,LEAN,3.0,0.0,-0.5,CHC -1.5,SLIGHT,5.1,OVER,LEAN,4.5,1.0
2026-04-19,2026-04-19T16:49:59,824777,DET @ BOS,Detroit Tigers,Boston Red Sox,Framber Valdez,Garrett Crochet,L,L,Fenway Park,0,27.2,FADE,39.4,53.0,-1.0,-2.8,0.0,-4.0,-3.0,5.0,1.5,51.6,36.4,47.0,47.0,0.5,5,6,87,55,14.71,20.46,4,4,301,crosswind,0,0,1,0,0,0,0.0,DET,7.9,MODERATE,2.0,0.0,-3.0,DET -0.5,SLIGHT,4.7,OVER,SLIGHT,4.5,0.5
2026-04-19,2026-04-19T16:49:59,825018,CWS @ ATH,Chicago White Sox,Athletics,Noah Schultz,Jeffrey Springs,L,L,Sutter Health Park,0,25.2,FADE,50.6,36.6,1.3,-1.7,-4.0,-4.0,0.0,0.0,1.7,46.5,66.8,61.0,64.0,0.0,5,5,82,90,18.92,15.06,1,4,,unknown,0,0,0,1,0,0,0.0,ATH,-12.6,STRONG,3.0,-0.7,0.0,ATH -1.5,LEAN,4.7,OVER,SLIGHT,4.5,0.5
2026-04-19,2026-04-19T16:49:59,825100,TOR @ AZ,Toronto Blue Jays,Arizona Diamondbacks,Kevin Gausman,Ryne Nelson,R,R,Chase Field,1,53.1,TOSS-UP,53.0,48.6,14.0,7.0,-4.0,-1.0,0.6,3,-3.0,68.4,49.2,56.0,33.0,0.5,5,6,97,92,15.95,16.84,4,4,,indoor,0,0,0,0,0,0,0.0,TOR,10.7,MODERATE,2.5,0.0,-0.7,TOR -1.5,LEAN,3.4,UNDER,LEAN,4.5,2.5
2026-04-20,2026-04-20T17:09:37,822749,ATL @ WSH,Atlanta Braves,Washington Nationals,Bryce Elder,Jake Irvin,R,R,Nationals Park,0,14.7,FADE,39.5,20.6,-6.0,-4.8,-4.0,4.0,0.6,5.0,-3.0,66.4,32.8,82.0,69.0,0.0,5,5,79,85,14.19,19.21,4,4,332,blowing out,4.8,0,0,0,0,0,0.0,ATL,24.2,STRONG,5.0,0.0,-3.3,ATL -1.5,STRONG,5.4,OVER,LEAN,4.5,2.0
2026-04-20,2026-04-20T17:09:37,822994,CIN @ TB,Cincinnati Reds,Tampa Bay Rays,Rhett Lowder,TBD,R,?,Tropicana Field,1,40.4,FADE,50.8,35.4,1.9,0.0,-2.0,4.0,1.8,3,-0.0,54.0,50.0,69.0,47.0,0.0,5,,90,,15.54,,4,,,indoor,0,0,0,0,0,0,0.0,TB,-5.2,LEAN,1.0,0.0,0.0,TB -0.5,SLIGHT,4.2,UNDER,SLIGHT,4.5,0.5
2026-04-20,2026-04-20T17:09:37,823149,ATH @ SEA,Athletics,Seattle Mariners,J.T. Ginn,Emerson Hancock,R,R,T-Mobile Park,1,27.2,FADE,54.5,50.2,-4.0,-5.3,-4.0,-3.0,2.4,3,1.0,50.6,70.0,25.0,56.0,0.0,5,5,78,98,15.81,15.6,2,4,,indoor,0,0,0,0,0,0,0.0,SEA,-1.0,TOSS-UP,0.0,0.0,0.0,No spread play,TOSS-UP,3.6,UNDER,LEAN,4.5,2.0
2026-04-20,2026-04-20T17:09:37,823879,STL @ MIA,St. Louis Cardinals,Miami Marlins,Michael McGreevy,Max Meyer,R,R,loanDepot park,1,22.4,FADE,48.5,19.6,0.0,-1.5,-6.0,-2.0,1.8,3,-0.6,63.2,44.8,82.0,74.0,1.0,6,6,87,82,16.16,17.27,4,4,,indoor,0,0,0,0,0,0,0.0,STL,8.2,MODERATE,2.0,-0.7,-1.3,STL -0.5,SLIGHT,5.0,OVER,SLIGHT,4.5,1.0
2026-04-20,2026-04-20T17:09:37,824046,TOR @ LAA,Toronto Blue Jays,Los Angeles Angels,Dylan Cease,Reid Detmers,R,L,Angel Stadium,0,40.2,FADE,59.0,35.4,5.1,5.0,-4.0,-3.0,0.0,2.0,-0.8,58.4,61.2,69.0,47.0,0.5,5,6,106,99,18.8,17.83,4,4,299,crosswind,0,0,0,0,0,0,0.0,LAA,-3.7,LEAN,0.5,-2.7,-1.7,LAA -0.5,TOSS-UP,4.0,UNDER,SLIGHT,4.5,1.0
2026-04-20,2026-04-20T17:09:37,824125,BAL @ KC,Baltimore Orioles,Kansas City Royals,Kyle Bradish,Seth Lugo,R,R,Kauffman Stadium,0,59.9,TOSS-UP,43.0,58.8,9.7,3.5,0.0,4.0,0.6,5.0,3.0,37.6,64.8,18.0,47.0,0.0,5,5,97,92,18.35,15.27,4,4,194,blowing in,0,11.3,0,0,0,0,0.0,KC,-20.9,STRONG,5.0,-2.7,0.0,KC -1.5,STRONG,2.7,UNDER,STRONG,4.5,3.5
2026-04-20,2026-04-20T17:09:37,824370,LAD @ COL,Los Angeles Dodgers,Colorado Rockies,Justin Wrobleski,Jose Quintana,L,L,Coors Field,0,13.1,FADE,43.8,35.4,-2.9,-1.0,-4.0,-1.0,-8,2.0,-0.6,57.4,40.4,47.0,69.0,0.0,7,5,90,75,13.43,19.23,2,2,293,crosswind,0,0,0,0,0,0,0.0,LAD,22.8,STRONG,5.0,0.3,-1.7,LAD -1.5,STRONG,5.6,OVER,LEAN,4.5,2.5
2026-04-20,2026-04-20T17:09:37,824450,HOU @ CLE,Houston Astros,Cleveland Guardians,Spencer Arrighetti,Slade Cecconi,R,R,Progressive Field,0,37.5,FADE,37.7,25.0,12.1,0.0,-4.0,1.0,1.2,5.0,-1.0,52.7,34.0,47.0,82.0,0.0,5,5,100,87,16.67,18.33,1,4,113,blowing in,0,1.4,0,0,0,0,0.0,HOU,18.6,STRONG,4.5,-0.2,-2.3,HOU -1.5,STRONG,4.9,OVER,SLIGHT,4.5,1.0
2026-04-20,2026-04-20T17:09:37,824692,PHI @ CHC,Philadelphia Phillies,Chicago Cubs,Aaron Nola,Colin Rea,R,R,Wrigley Field,0,38.6,FADE,50.0,45.2,2.0,10.0,-2.0,-3.0,-1.8,0.0,-0.9,49.6,51.7,18.0,64.0,0.5,6,12,87,79,16.15,15.8,4,1,,,,,0,0,0,0,0.0,PHI,12.1,STRONG,3.0,-0.7,0.0,PHI -1.5,LEAN,4.1,UNDER,SLIGHT,4.5,1.0
2026-04-20,2026-04-20T17:09:37,824776,DET @ BOS,Detroit Tigers,Boston Red Sox,Jack Flaherty,Sonny Gray,R,R,Fenway Park,0,40.6,FADE,46.0,28.6,7.0,10.3,-8.0,0.0,-3.0,5.0,1.0,46.0,46.0,74.0,61.0,0.5,5,6,97,93,18.48,17.99,4,4,273,blowing in,0,4.4,1,1,0,0,0.0,BOS,-8.7,MODERATE,2.0,-2.3,-1.7,BOS -0.5,SLIGHT,4.8,OVER,SLIGHT,4.5,0.5
2026-04-21,2026-04-21T17:11:37,822747,ATL @ WSH,Atlanta Braves,Washington Nationals,Reynaldo López,Foster Griffin,R,L,Nationals Park,0,22.9,FADE,50.5,33.6,0.2,-2.0,-8.0,4.0,0.6,0.0,-3.0,55.6,49.2,56.0,69.0,0.0,7,5,96,89,16.24,16.97,4,4,,,,,0,0,0,0,0.0,ATL,7.5,MODERATE,1.5,-0.7,-0.7,ATL -0.5,SLIGHT,5.2,OVER,LEAN,4.5,1.5
2026-04-21,2026-04-21T17:11:37,822914,PIT @ TEX,Pittsburgh Pirates,Texas Rangers,Carmen Mlodzinski,TBD,R,?,Globe Life Field,1,37.9,FADE,50.7,23.2,13.0,0.0,-2.0,-1.0,-3.6,3,-0.1,53.6,50.0,56.0,82.0,0.0,11,,81,,17.6,,3,,,indoor,0,0,0,0,0,0,0.0,PIT,9.3,MODERATE,2.0,-1.5,0.0,PIT -0.5,SLIGHT,4.9,OVER,SLIGHT,4.5,1.0
2026-04-21,2026-04-21T17:11:37,822995,CIN @ TB,Cincinnati Reds,Tampa Bay Rays,Chase Burns,Steven Matz,R,L,Tropicana Field,1,39.4,FADE,58.8,32.6,8.0,-4.4,-8.0,5.0,1.8,3,-0.6,58.8,58.8,69.0,61.0,0.0,5,5,87,74,15.46,15.96,4,4,,indoor,0,0,0,0,0,0,0.0,CIN,5.5,LEAN,1.0,0.0,0.0,CIN -0.5,SLIGHT,4.3,UNDER,SLIGHT,4.5,0.5
2026-04-21,2026-04-21T17:11:37,823148,ATH @ SEA,Athletics,Seattle Mariners,Jacob Lopez,Luis Castillo,L,R,T-Mobile Park,1,26.6,FADE,32.6,23.2,8.0,0.0,-6.0,-2.0,2.4,3,0.7,31.2,38.4,56.0,82.0,0.0,5,5,85,98,20.05,21.1,4,4,,indoor,0,0,0,0,0,0,0.0,ATH,7.6,MODERATE,1.5,-3.3,-3.3,ATH -0.5,SLIGHT,5.7,OVER,STRONG,4.5,2.5
2026-04-21,2026-04-21T17:11:37,823236,LAD @ SF,Los Angeles Dodgers,San Francisco Giants,Yoshinobu Yamamoto,Landen Roupp,R,R,Oracle Park,0,65.2,LEAN,65.4,36.8,10.0,12.8,-4.0,3.0,3.6,2.0,-0.8,65.2,66.4,40.0,69.0,0.0,7,5,104,87,15.02,16.26,4,4,276,blowing in,0,2.2,0,0,0,0,0.0,LAD,24.8,STRONG,5.0,0.0,-0.7,LAD -1.5,STRONG,2.7,UNDER,STRONG,4.5,3.5
2026-04-21,2026-04-21T17:11:37,823640,MIN @ NYM,Minnesota Twins,New York Mets,Simeon Woods Richardson,Nolan McLean,R,R,Citi Field,0,39.5,FADE,38.8,43.6,9.0,-6.2,2.0,2.0,-0.6,6.0,-1.6,31.6,67.6,18.0,66.0,0.5,6,7,92,95,16.3,15.9,4,4,163,blowing in,0,6.9,0,0,0,0,0.0,NYM,-5.5,LEAN,1.0,-0.7,0.0,NYM -0.5,SLIGHT,3.7,UNDER,LEAN,4.5,1.5
2026-04-21,2026-04-21T17:11:37,823880,STL @ MIA,St. Louis Cardinals,Miami Marlins,Dustin May,Chris Paddack,R,R,loanDepot park,1,16.0,FADE,38.9,19.6,-6.0,0.0,-6.0,0.0,1.8,3,-0.2,38.8,39.2,82.0,74.0,1.0,6,6,91,92,16.65,18.49,4,3,,indoor,0,0,0,0,0,0,0.0,MIA,-4.1,LEAN,1.0,-0.7,-2.0,MIA -0.5,TOSS-UP,6.0,OVER,STRONG,4.5,3.0
2026-04-21,2026-04-21T17:11:37,824045,TOR @ LAA,Toronto Blue Jays,Los Angeles Angels,Patrick Corbin,Jack Kochanowicz,L,R,Angel Stadium,0,22.1,FADE,48.2,35.4,1.0,0.3,-6.0,-3.0,0.0,0.0,-1.2,47.8,49.6,69.0,47.0,0.5,5,6,79,97,17.6,16.7,2,4,,,,,0,0,0,0,0.0,LAA,-12.4,STRONG,3.0,-0.8,-0.7,LAA -1.5,LEAN,5.2,OVER,LEAN,4.5,1.5
2026-04-21,2026-04-21T17:11:37,824127,BAL @ KC,Baltimore Orioles,Kansas City Royals,Shane Baz,Kris Bubic,R,L,Kauffman Stadium,0,41.7,FADE,43.7,38.2,10.0,-8.1,0.0,4.0,0.6,3.0,3.0,40.4,56.8,33.0,69.0,0.0,5,5,99,82,17.05,15.46,4,4,207,blowing in,0,13.5,0,0,0,0,0.0,PICK,0.2,TOSS-UP,0.0,-1.3,-0.3,No spread play,TOSS-UP,4.1,UNDER,SLIGHT,4.5,1.0
2026-04-21,2026-04-21T17:11:37,824290,MIL @ DET,Milwaukee Brewers,Detroit Tigers,Kyle Harrison,Keider Montero,L,R,Comerica Park,0,39.2,FADE,57.7,29.6,13.2,0.0,-6.0,-5.0,0.0,2.0,1.6,56.9,60.8,56.0,74.0,0.0,10,5,76,83,17.27,13.9,3,3,230,blowing in,0,4.8,0,0,0,0,0.0,DET,-10.1,MODERATE,2.5,-1.0,0.4,DET -1.5,LEAN,4.3,UNDER,SLIGHT,4.5,0.5
2026-04-21,2026-04-21T17:11:37,824369,SD @ COL,San Diego Padres,Colorado Rockies,Randy Vásquez,TBD,R,?,Coors Field,0,42.3,FADE,52.2,35.4,12.0,5.0,-4.0,0.0,-8,3.0,1.5,60.8,50.0,69.0,47.0,0.5,6,,85,,16.62,,4,,178,blowing in,0,12.1,0,0,0,0,0.0,SD,8.4,MODERATE,2.0,-0.7,0.0,SD -0.5,SLIGHT,4.4,PUSH,TOSS-UP,4.5,0.0
2026-04-21,2026-04-21T17:11:37,824448,HOU @ CLE,Houston Astros,Cleveland Guardians,Ryan Weiss,Parker Messick,R,L,Progressive Field,0,20.8,FADE,50.5,26.4,2.4,0.0,-8.0,1.0,1.2,3.0,-2.1,46.0,68.4,40.0,82.0,0.0,5,5,76,112,20.73,14.37,1,4,192,blowing in,0,6.6,0,0,1,0,-6.0,CLE,-11.2,LEAN,3.0,-0.8,0.0,CLE -1.5,SLIGHT,4.8,OVER,SLIGHT,4.5,0.5
2026-04-21,2026-04-21T17:11:37,824690,PHI @ CHC,Philadelphia Phillies,Chicago Cubs,Jesús Luzardo,Shota Imanaga,L,L,Wrigley Field,0,23.4,FADE,47.0,40.0,-1.0,-0.1,-4.0,-1.0,-1.8,0.0,-0.8,41.6,68.4,61.0,56.0,1.0,6,6,98,97,17.04,16.91,4,4,,,,,0,0,0,0,0.0,CHC,-25.1,STRONG,5.0,-1.7,-0.7,CHC -1.5,STRONG,4.8,OVER,SLIGHT,4.5,0.5
2026-04-21,2026-04-21T17:11:37,824773,NYY @ BOS,New York Yankees,Boston Red Sox,Luis Gil,Connelly Early,R,L,Fenway Park,0,27.9,FADE,43.9,19.6,8.8,3.7,-8.0,-3.0,-3.0,5.0,-1.3,40.6,57.2,74.0,82.0,1.0,6,6,83,85,19.3,18.5,2,4,160,blowing in,0,5.6,0,0,0,0,0.0,PICK,-0.4,TOSS-UP,0.0,-1.5,-2.7,No spread play,TOSS-UP,5.4,OVER,LEAN,4.5,2.0
2026-04-21,2026-04-21T17:11:37,825099,CWS @ AZ,Chicago White Sox,Arizona Diamondbacks,Sean Burke,Merrill Kelly,R,R,Chase Field,1,33.2,FADE,47.9,70.0,-5.0,0.0,2.0,-4.0,0.6,3,-3.0,50.0,47.4,18.0,33.0,0.5,6,7,92,86,19.47,16.12,3,1,,indoor,0,0,0,0,0,0,0.0,PICK,0.0,TOSS-UP,0.0,-2.5,-0.2,No spread play,TOSS-UP,3.8,UNDER,LEAN,4.5,1.5
2026-04-22,2026-04-22T17:07:44,822748,ATL @ WSH,Atlanta Braves,Washington Nationals,Didier Fuentes,Zack Littell,R,R,Nationals Park,0,24.8,FADE,44.8,32.0,4.6,-4.5,-6.0,3.0,0.6,2.0,-3.0,73.0,37.7,69.0,64.0,0.0,,5,,77,,15.82,,3,157,blowing in,0,5.6,0,0,0,0,0.0,ATL,22.9,STRONG,5.0,0.0,0.0,ATL -1.5,STRONG,4.9,OVER,SLIGHT,4.5,1.0
2026-04-22,2026-04-22T17:07:44,822913,PIT @ TEX,Pittsburgh Pirates,Texas Rangers,Braxton Ashcraft,Jack Leiter,R,R,Globe Life Field,1,33.7,FADE,43.3,32.0,10.4,0.0,-6.0,2.0,-3.6,3,-0.6,67.6,37.2,64.0,69.0,1.0,6,6,90,105,15.07,19.06,4,4,,indoor,0,0,0,0,0,0,0.0,PIT,30.5,STRONG,5.0,0.0,-3.0,PIT -1.5,STRONG,4.9,OVER,SLIGHT,4.5,1.0
2026-04-22,2026-04-22T17:07:44,822993,CIN @ TB,Cincinnati Reds,Tampa Bay Rays,Brandon Williamson,Nick Martinez,L,R,Tropicana Field,1,36.6,FADE,41.0,40.0,10.5,0.0,-4.0,-2.0,1.8,3,-1.2,37.6,54.8,61.0,56.0,0.0,5,5,93,88,18.7,15.83,4,4,,indoor,0,0,1,1,0,0,0.0,TB,-23.4,STRONG,5.0,-2.3,0.0,TB -1.5,STRONG,4.7,OVER,SLIGHT,4.5,0.5
2026-04-22,2026-04-22T17:07:44,823147,ATH @ SEA,Athletics,Seattle Mariners,Aaron Civale,Logan Gilbert,R,R,T-Mobile Park,1,16.6,FADE,51.4,29.4,-8.3,3.0,-6.0,-8.0,2.4,3,-0.0,50.0,57.0,25.0,82.0,0.0,5,5,103,99,17.58,16.13,4,5,,indoor,0,0,1,0,0,0,0.0,ATH,4.0,LEAN,1.0,-1.7,-0.8,ATH -0.5,TOSS-UP,4.5,PUSH,TOSS-UP,4.5,0.0
2026-04-22,2026-04-22T17:07:44,823231,LAD @ SF,Los Angeles Dodgers,San Francisco Giants,Shohei Ohtani,Tyler Mahle,R,R,Oracle Park,0,45.0,FADE,40.0,36.8,11.0,4.0,-4.0,2.0,3.6,2.0,-0.8,63.8,34.0,40.0,69.0,0.0,7,7,95,89,15.44,19.26,3,4,340,blowing out,3.2,0,0,0,0,0,0.0,LAD,49.7,STRONG,5.0,0.0,-3.3,LAD -1.5,STRONG,4.1,UNDER,SLIGHT,4.5,1.0
2026-04-22,2026-04-22T17:07:44,823641,MIN @ NYM,Minnesota Twins,New York Mets,Connor Prielipp,Clay Holmes,L,R,Citi Field,0,43.1,FADE,51.7,55.8,7.0,0.0,-2.0,-2.0,-0.6,5.0,-1.5,50.0,58.4,33.0,47.0,0.0,,7,,88,,15.38,,4,29,blowing out,1.0,0,0,0,0,0,0.0,MIN,2.2,TOSS-UP,0.0,0.0,0.0,No spread play,TOSS-UP,3.7,UNDER,LEAN,4.5,1.5
2026-04-22,2026-04-22T17:07:44,823878,STL @ MIA,St. Louis Cardinals,Miami Marlins,Kyle Leahy,Janson Junk,R,R,loanDepot park,1,29.6,FADE,32.5,34.4,7.7,0.0,-4.0,-1.0,1.8,3,-1.1,29.2,45.6,69.0,52.0,0.0,5,5,83,93,17.39,16.83,4,4,,indoor,0,0,1,1,0,0,0.0,MIA,-21.4,STRONG,5.0,-1.7,-1.0,MIA -1.5,STRONG,5.3,OVER,LEAN,4.5,1.5
2026-04-22,2026-04-22T17:07:44,824044,TOR @ LAA,Toronto Blue Jays,Los Angeles Angels,Eric Lauer,José Soriano,L,R,Angel Stadium,0,25.1,FADE,42.5,33.6,5.7,-0.9,-6.0,0.0,0.0,0.0,-1.2,35.9,69.0,69.0,56.0,0.0,11,5,95,99,19.54,14.98,3,5,,,,,1,1,0,0,0.0,LAA,-38.2,STRONG,5.0,-2.5,0.0,LAA -1.5,STRONG,5.1,OVER,LEAN,4.5,1.0
2026-04-22,2026-04-22T17:07:44,824123,BAL @ KC,Baltimore Orioles,Kansas City Royals,Chris Bassitt,Michael Wacha,R,R,Kauffman Stadium,0,71.2,LEAN,40.6,55.8,14.0,12.4,4.0,3.0,0.6,2.0,3.0,34.0,66.8,33.0,47.0,0.0,5,5,100,97,23.29,13.77,4,4,193,blowing in,0,14.9,1,1,0,0,0.0,KC,-28.3,STRONG,5.0,-3.3,0.5,KC -1.5,STRONG,2.7,UNDER,STRONG,4.5,3.5
2026-04-22,2026-04-22T17:07:44,824286,MIL @ DET,Milwaukee Brewers,Detroit Tigers,Chad Patrick,Casey Mize,R,R,Comerica Park,0,45.8,FADE,57.5,21.2,12.0,0.0,-4.0,3.0,0.0,2.0,1.6,56.3,62.4,66.0,82.0,0.0,7,5,81,94,15.48,15.86,3,4,62,blowing out,4.2,0,0,0,0,0,0.0,MIL,0.5,TOSS-UP,0.0,0.0,0.0,No spread play,TOSS-UP,4.2,UNDER,SLIGHT,4.5,0.5
2026-04-22,2026-04-22T17:07:44,824367,SD @ COL,San Diego Padres,Colorado Rockies,Walker Buehler,Tomoyuki Sugano,R,R,Coors Field,0,34.2,FADE,48.6,45.8,-5.0,5.9,-4.0,8.0,-8,2.0,1.5,48.4,49.2,56.0,47.0,0.5,6,5,88,91,17.45,16.17,4,4,240,blowing in,0,4.1,0,0,0,0,0.0,COL,-11.5,MODERATE,3.0,-2.0,-0.7,COL -1.5,LEAN,4.8,OVER,SLIGHT,4.5,0.5
2026-04-22,2026-04-22T17:07:44,824449,HOU @ CLE,Houston Astros,Cleveland Guardians,Peter Lambert,Tanner Bibee,R,R,Progressive Field,0,17.0,FADE,38.1,25.0,1.1,-4.0,-4.0,3.0,1.2,-1.0,-2.7,48.7,35.5,47.0,82.0,0.0,5,5,90,96,18.0,17.73,1,5,12,blowing out,6.6,0,1,1,0,0,0.0,HOU,22.4,STRONG,5.0,-0.7,-2.1,HOU -1.5,STRONG,5.9,OVER,STRONG,4.5,3.0
2026-04-22,2026-04-22T17:07:44,824688,PHI @ CHC,Philadelphia Phillies,Chicago Cubs,Kyle Backhus,Matthew Boyd,L,L,Wrigley Field,0,13.3,FADE,47.6,26.4,2.0,0.0,-6.0,-3.0,-1.8,0.0,0.1,47.0,49.8,74.0,72.0,0.0,,21,,98,,17.24,,2,,,,,0,0,1,0,-6.0,CHC,-22.2,LEAN,5.0,0.0,-0.7,CHC -1.5,SLIGHT,6.3,OVER,LEAN,4.5,3.5
2026-04-22,2026-04-22T17:07:44,824774,NYY @ BOS,New York Yankees,Boston Red Sox,Max Fried,Ranger Suarez,L,L,Fenway Park,0,34.8,FADE,59.4,35.4,5.0,-1.9,-4.0,-2.0,-3.0,5.0,-0.4,66.5,57.6,47.0,69.0,0.5,6,5,93,93,14.21,15.48,5,4,146,blowing in,0,2.5,0,0,0,0,0.0,NYY,10.7,MODERATE,2.5,0.0,-0.3,NYY -1.5,LEAN,4.1,UNDER,SLIGHT,4.5,1.0
2026-04-22,2026-04-22T17:07:44,825097,CWS @ AZ,Chicago White Sox,Arizona Diamondbacks,Anthony Kay,Eduardo Rodriguez,L,L,Chase Field,1,19.4,FADE,50.2,31.0,0.8,1.3,-12,-2.0,0.6,3,-2.7,49.4,53.6,69.0,69.0,0.0,13,7,100,98,18.68,16.31,2,4,,indoor,0,0,0,0,0,0,0.0,AZ,-1.2,TOSS-UP,0.0,-1.3,-0.7,No spread play,TOSS-UP,5.4,OVER,LEAN,4.5,2.0
2026-04-23,2026-04-23T17:25:24,822745,ATL @ WSH,Atlanta Braves,Washington Nationals,JR Ritchie,Cade Cavalli,R,R,Nationals Park,0,13.8,FADE,41.6,31.0,-1.3,0.0,-8.0,1.0,0.6,-2.0,-3.0,50.0,39.5,69.0,69.0,0.0,,5,,92,,22.72,,5,307,blowing out,6.6,0,1,1,0,0,0.0,ATL,10.4,MODERATE,2.5,0.0,-4.2,ATL -1.5,LEAN,6.1,OVER,STRONG,4.5,3.5
2026-04-23,2026-04-23T17:25:24,822912,PIT @ TEX,Pittsburgh Pirates,Texas Rangers,Bubba Chandler,Jacob deGrom,R,R,Globe Life Field,1,38.4,FADE,52.9,40.8,4.9,2.0,-6.0,4.0,-3.6,3,-0.9,50.4,62.8,40.0,64.0,1.0,6,6,90,88,17.48,17.51,4,4,,indoor,0,0,0,0,0,0,0.0,PIT,3.2,LEAN,0.5,-1.7,-1.3,PIT -0.5,TOSS-UP,4.2,UNDER,SLIGHT,4.5,0.5
2026-04-23,2026-04-23T17:25:24,823233,LAD @ SF,Los Angeles Dodgers,San Francisco Giants,Tyler Glasnow,Logan Webb,R,R,Oracle Park,0,37.5,FADE,44.3,36.8,10.3,-8.0,-4.0,4.0,3.6,2.0,-0.5,65.6,39.0,40.0,69.0,1.0,6,6,92,99,15.41,16.1,4,5,280,blowing in,0,2.6,1,1,0,0,0.0,LAD,42.5,STRONG,5.0,0.0,-0.8,LAD -1.5,STRONG,4.2,UNDER,SLIGHT,4.5,0.5
2026-04-23,2026-04-23T17:25:24,823639,MIN @ NYM,Minnesota Twins,New York Mets,Joe Ryan,Christian Scott,R,R,Citi Field,0,45.2,FADE,54.0,44.6,2.3,7.7,2.0,-2.0,-0.6,2.0,-2.1,70.0,50.0,33.0,61.0,0.5,6,,94,,16.81,,5,,35,blowing out,1.4,0,0,0,0,0,0.0,MIN,37.9,STRONG,5.0,-0.8,0.0,MIN -1.5,STRONG,3.5,UNDER,LEAN,4.5,2.0
2026-04-23,2026-04-23T17:25:24,824288,MIL @ DET,Milwaukee Brewers,Detroit Tigers,Brandon Sproat,Tarik Skubal,R,L,Comerica Park,0,31.7,FADE,47.0,19.6,3.9,5.1,-8.0,3.0,0.0,0.0,1.7,40.6,72.5,74.0,82.0,0.0,7,5,75,89,19.96,14.87,2,5,188,blowing in,0,9.2,1,1,0,0,0.0,DET,-31.3,STRONG,5.0,-1.5,0.0,DET -1.5,STRONG,4.8,OVER,SLIGHT,4.5,0.5
2026-04-23,2026-04-23T17:25:24,824368,SD @ COL,San Diego Padres,Colorado Rockies,Matt Waldron,Ryan Feltner,R,R,Coors Field,0,18.5,FADE,36.2,45.8,-2.5,-4.2,-2.0,4.0,-8,2.0,0.9,46.8,33.6,56.0,47.0,0.5,6,5,81,87,22.09,16.16,1,4,301,crosswind,0,0,1,1,0,0,0.0,SD,3.6,LEAN,0.5,-0.8,-0.7,SD -0.5,TOSS-UP,5.6,OVER,LEAN,4.5,2.5
2026-04-23,2026-04-23T17:25:24,824689,PHI @ CHC,Philadelphia Phillies,Chicago Cubs,Cristopher Sánchez,Edward Cabrera,L,R,Wrigley Field,0,8.3,FADE,54.8,28.0,3.7,-14.9,-10.0,-3.0,-1.8,2.0,0.1,59.5,53.6,74.0,64.0,0.5,5,6,93,91,16.52,16.3,5,4,194,blowing in,0,13.4,1,1,0,0,0.0,CHC,-4.6,LEAN,1.0,-0.8,-0.7,CHC -0.5,TOSS-UP,5.7,OVER,STRONG,4.5,2.5
2026-04-23,2026-04-23T17:25:24,824770,NYY @ BOS,New York Yankees,Boston Red Sox,Cam Schlittler,Payton Tolle,R,L,Fenway Park,0,26.2,FADE,45.7,36.0,0.1,0.0,-8.0,3.0,-3.0,5.0,-1.0,76.5,38.0,66.0,56.0,0.5,6,,93,,14.9,,5,,153,blowing in,0,2.2,0,0,0,0,0.0,NYY,29.9,STRONG,5.0,0.0,0.0,NYY -1.5,STRONG,4.5,PUSH,TOSS-UP,4.5,0.0
2026-04-23,2026-04-23T17:25:24,825096,CWS @ AZ,Chicago White Sox,Arizona Diamondbacks,Davis Martin,Michael Soroka,R,R,Chase Field,1,36.5,FADE,63.4,36.0,13.0,0.0,-6.0,-10.0,0.6,3,-2.6,62.8,66.0,64.0,64.0,1.0,6,6,89,94,14.25,16.46,4,4,,indoor,0,0,1,1,0,0,0.0,CWS,3.1,LEAN,0.5,0.0,-1.0,CWS -0.5,TOSS-UP,4.2,UNDER,SLIGHT,4.5,0.5
2026-04-24,2026-04-24T17:04:20,822827,CLE @ TOR,Cleveland Guardians,Toronto Blue Jays,Gavin Williams,Max Scherzer,R,R,Rogers Centre,1,35.1,FADE,43.5,44.8,-6.7,9.0,0.0,1.0,0.0,3,-3.0,62.5,38.8,52.0,56.0,1.0,6,6,100,74,16.17,18.33,5,4,,indoor,0,0,0,0,0,0,0.0,CLE,12.9,STRONG,3.0,-1.2,-2.3,CLE -1.5,LEAN,4.2,UNDER,SLIGHT,4.5,0.5
2026-04-24,2026-04-24T17:04:20,822909,ATH @ TEX,Athletics,Texas Rangers,Luis Severino,Nathan Eovaldi,R,R,Globe Life Field,1,10.2,FADE,29.6,45.4,-5.7,-9.0,-4.0,1.0,-3.6,3,2.8,28.5,34.0,49.0,56.0,1.0,6,6,96,95,19.55,17.13,5,5,,indoor,0,0,0,0,0,0,0.0,TEX,-7.4,MODERATE,1.5,-3.8,-1.7,TEX -0.5,SLIGHT,6.0,OVER,STRONG,4.5,3.0
2026-04-24,2026-04-24T17:04:20,822992,MIN @ TB,Minnesota Twins,Tampa Bay Rays,Taj Bradley,Drew Rasmussen,R,R,Tropicana Field,1,42.3,FADE,63.5,32.6,7.3,-5.3,-4.0,3.0,1.8,3,-1.2,63.5,63.6,61.0,69.0,1.0,6,6,99,64,18.4,15.63,5,4,,indoor,0,0,0,0,0,0,0.0,MIN,3.3,LEAN,0.5,-2.5,0.0,MIN -0.5,TOSS-UP,4.0,UNDER,SLIGHT,4.5,1.0
2026-04-24,2026-04-24T17:04:20,823069,SEA @ STL,Seattle Mariners,St. Louis Cardinals,George Kirby,Andre Pallante,R,R,Busch Stadium,0,25.5,FADE,43.2,54.4,-5.3,2.9,-2.0,-5.0,0.0,2.0,-1.1,62.5,38.4,47.0,40.0,1.0,6,6,96,87,14.19,17.9,5,4,310,crosswind,0,0,0,0,0,0,0.0,SEA,29.5,STRONG,5.0,0.0,-2.0,SEA -1.5,STRONG,4.4,PUSH,TOSS-UP,4.5,0.0
2026-04-24,2026-04-24T17:04:20,823232,MIA @ SF,Miami Marlins,San Francisco Giants,Sandy Alcantara,Adrian Houser,R,R,Oracle Park,0,33.1,FADE,41.3,36.8,-2.7,2.1,-4.0,4.0,3.6,2.0,-0.7,57.5,37.2,40.0,69.0,1.0,6,6,97,88,13.65,16.34,5,4,288,crosswind,0,0,0,0,0,0,0.0,MIA,35.8,STRONG,5.0,0.7,-0.7,MIA -1.5,STRONG,4.4,PUSH,TOSS-UP,4.5,0.0
2026-04-24,2026-04-24T17:04:20,823638,COL @ NYM,Colorado Rockies,New York Mets,Michael Lorenzen,Freddy Peralta,R,R,Citi Field,0,36.5,FADE,33.8,32.6,2.4,10.1,-4.0,2.0,-0.6,5.0,-2.3,29.5,51.0,61.0,69.0,0.5,5,6,88,93,21.8,17.59,5,5,104,blowing in,0,3.7,0,0,0,0,0.0,PICK,0.0,TOSS-UP,0.0,-4.2,-1.7,No spread play,TOSS-UP,4.9,OVER,SLIGHT,4.5,1.0
2026-04-24,2026-04-24T17:04:20,823800,PIT @ MIL,Pittsburgh Pirates,Milwaukee Brewers,Paul Skenes,Brandon Woodruff,R,R,American Family Field,1,46.0,FADE,62.3,27.2,1.3,8.6,-8.0,6.0,-0.6,3,-0.1,66.5,61.2,77.0,56.0,1.0,6,6,64,92,23.06,13.7,5,4,,indoor,0,0,0,0,0,0,0.0,MIL,-5.1,LEAN,1.0,-3.3,0.5,MIL -0.5,SLIGHT,3.7,UNDER,LEAN,4.5,1.5
2026-04-24,2026-04-24T17:04:20,823962,CHC @ LAD,Chicago Cubs,Los Angeles Dodgers,Jameson Taillon,Emmet Sheehan,R,R,UNIQLO Field at Dodger Stadium,0,14.7,FADE,36.1,40.0,2.0,-11.0,-4.0,-3.0,0.6,2.0,0.9,44.4,34.0,56.0,61.0,1.0,6,6,100,77,16.43,17.61,4,4,180,blowing in,0,2.3,0,0,0,0,0.0,CHC,1.6,TOSS-UP,0.0,-0.7,-1.3,No spread play,TOSS-UP,5.7,OVER,STRONG,4.5,2.5
2026-04-24,2026-04-24T17:04:20,824124,LAA @ KC,Los Angeles Angels,Kansas City Royals,Yusei Kikuchi,Noah Cameron,L,L,Kauffman Stadium,0,36.4,FADE,32.7,48.6,4.7,11.0,-8.0,-1.0,0.6,0.0,1.2,32.0,35.6,33.0,56.0,1.0,6,6,86,74,19.05,16.35,5,4,,,,,0,0,0,0,0.0,LAA,12.1,STRONG,3.0,-3.8,-0.7,LAA -1.5,LEAN,4.8,OVER,SLIGHT,4.5,0.5
2026-04-24,2026-04-24T17:04:20,824204,NYY @ HOU,New York Yankees,Houston Astros,Will Warren,Lance McCullers Jr.,R,R,Daikin Park,0,12.9,FADE,44.4,23.2,-3.0,-5.9,-4.0,2.0,0.0,0.0,-3.0,65.0,39.2,82.0,56.0,1.0,6,6,93,91,17.7,17.47,5,4,,unknown,0,0,0,0,0,0,0.0,NYY,21.3,STRONG,5.0,-2.1,-2.0,NYY -1.5,STRONG,5.4,OVER,LEAN,4.5,2.0
2026-04-24,2026-04-24T17:04:20,824529,DET @ CIN,Detroit Tigers,Cincinnati Reds,Framber Valdez,Andrew Abbott,L,L,Great American Ball Park,0,11.8,FADE,35.6,27.0,-6.3,0.0,-4.0,1.0,-4.2,1.0,1.0,58.0,30.0,69.0,74.0,0.5,5,6,98,97,15.03,18.18,5,5,251,blowing in,0,9.7,0,0,0,0,0.0,DET,17.5,STRONG,4.5,0.0,-2.5,DET -1.5,STRONG,5.9,OVER,STRONG,4.5,3.0
2026-04-24,2026-04-24T17:04:20,824611,WSH @ CWS,Washington Nationals,Chicago White Sox,Miles Mikolas,Bryan Hudson,R,L,Rate Field,0,6.0,FADE,38.3,32.0,-1.0,0.0,-6.0,-2.0,-1.2,0.0,-3.0,34.4,54.0,64.0,69.0,0.0,16,,55,,19.27,,3,,,,,,0,0,0,1,-6.0,CWS,-16.0,LEAN,4.0,-2.5,0.0,CWS -1.5,SLIGHT,6.5,OVER,LEAN,4.5,4.0
2026-04-24,2026-04-24T17:04:20,824854,BOS @ BAL,Boston Red Sox,Baltimore Orioles,Brayan Bello,Brandon Young,R,R,Oriole Park at Camden Yards,0,32.5,FADE,33.9,49.0,-1.5,-5.0,2.0,5.0,-0.6,2.0,2.6,29.2,52.6,47.0,52.0,0.5,6,18,84,66,20.15,13.2,4,1,155,blowing in,0,3.4,0,0,0,0,0.0,BAL,-26.8,STRONG,5.0,-3.3,0.1,BAL -1.5,STRONG,4.6,PUSH,TOSS-UP,4.5,0.0
2026-04-24,2026-04-24T17:04:20,824932,PHI @ ATL,Philadelphia Phillies,Atlanta Braves,Andrew Painter,Grant Holmes,R,R,Truist Park,0,34.5,FADE,52.0,39.6,4.7,0.5,-6.0,4.0,-1.2,0.0,-0.8,51.5,54.0,69.0,26.0,0.0,5,5,84,81,19.75,15.26,3,5,208,blowing in,0,4.3,0,0,0,0,0.0,ATL,-15.6,STRONG,4.0,-2.5,0.0,ATL -1.5,STRONG,4.4,PUSH,TOSS-UP,4.5,0.0
2026-04-25,2026-04-25T16:53:19,822826,CLE @ TOR,Cleveland Guardians,Toronto Blue Jays,Joey Cantillo,Kevin Gausman,L,R,Rogers Centre,1,43.2,FADE,56.1,40.0,7.0,5.0,-6.0,1.0,0.0,3,-3.0,51.5,74.5,61.0,56.0,1.0,6,6,89,86,17.69,15.63,5,5,,indoor,0,0,1,1,0,0,0.0,TOR,-29.9,STRONG,5.0,-1.7,0.0,TOR -1.5,STRONG,3.8,UNDER,LEAN,4.5,1.5
2026-04-25,2026-04-25T16:53:19,822910,ATH @ TEX,Athletics,Texas Rangers,Jeffrey Springs,MacKenzie Gore,L,L,Globe Life Field,1,23.6,FADE,49.1,27.2,2.0,-2.0,-4.0,-4.0,-3.6,3,2.3,59.5,46.5,56.0,77.0,1.0,6,6,85,90,15.45,17.22,5,5,,indoor,0,0,0,0,0,0,0.0,ATH,26.0,STRONG,5.0,0.0,-1.7,ATH -1.5,STRONG,5.1,OVER,LEAN,4.5,1.0
2026-04-25,2026-04-25T16:53:19,822989,MIN @ TB,Minnesota Twins,Tampa Bay Rays,Bailey Ober,Shane McClanahan,R,L,Tropicana Field,1,31.3,FADE,44.7,26.0,4.1,0.0,-6.0,2.0,1.8,3,-1.2,49.0,43.6,74.0,74.0,1.0,6,6,102,90,16.78,17.89,5,4,,indoor,0,0,1,1,0,0,0.0,MIN,4.9,LEAN,1.0,-0.8,-1.3,MIN -0.5,TOSS-UP,5.2,OVER,LEAN,4.5,1.5
2026-04-25,2026-04-25T16:53:19,823070,SEA @ STL,Seattle Mariners,St. Louis Cardinals,Bryan Woo,Matthew Liberatore,R,L,Busch Stadium,0,29.9,FADE,44.2,41.2,3.3,1.2,0.0,-5.0,0.0,0.0,-0.8,73.0,37.0,69.0,18.0,1.0,6,6,85,82,13.63,16.27,5,5,,,,,1,1,0,0,0.0,SEA,11.2,MODERATE,3.0,0.7,-0.8,SEA -1.5,LEAN,3.8,UNDER,LEAN,4.5,1.5
2026-04-25,2026-04-25T16:53:19,823229,MIA @ SF,Miami Marlins,San Francisco Giants,Eury Pérez,Robbie Ray,R,L,Oracle Park,0,43.6,FADE,43.2,60.0,1.0,5.1,-4.0,2.0,3.6,2.0,-1.5,39.0,60.0,40.0,40.0,1.0,6,6,84,93,17.26,17.07,5,5,277,blowing in,0,2.8,1,0,0,0,0.0,SF,-14.2,STRONG,3.5,-2.1,-1.7,SF -1.5,STRONG,3.7,UNDER,LEAN,4.5,1.5
2026-04-25,2026-04-25T16:53:19,823799,PIT @ MIL,Pittsburgh Pirates,Milwaukee Brewers,Mitch Keller,Jacob Misiorowski,R,R,American Family Field,1,34.6,FADE,57.2,50.0,0.0,-5.0,-8.0,6.0,-0.6,3,0.0,64.0,55.5,26.0,56.0,1.0,6,6,89,97,15.04,17.41,5,5,,indoor,0,0,0,0,0,0,0.0,PIT,14.5,STRONG,3.5,0.0,-2.1,PIT -1.5,STRONG,3.8,UNDER,LEAN,4.5,1.5
2026-04-25,2026-04-25T16:53:19,823960,CHC @ LAD,Chicago Cubs,Los Angeles Dodgers,Colin Rea,Roki Sasaki,R,R,UNIQLO Field at Dodger Stadium,0,22.0,FADE,37.7,40.0,6.0,-11.4,-4.0,-1.0,0.6,3.0,1.3,57.4,32.8,61.0,56.0,0.5,5,6,92,78,14.8,19.43,2,4,247,blowing in,0,7.8,0,0,0,0,0.0,CHC,10.9,MODERATE,2.5,0.0,-3.3,CHC -1.5,LEAN,5.2,OVER,LEAN,4.5,1.5
2026-04-25,2026-04-25T16:53:19,824121,LAA @ KC,Los Angeles Angels,Kansas City Royals,Walbert Urena,Cole Ragans,R,L,Kauffman Stadium,0,21.7,FADE,33.0,38.2,-3.1,-3.8,-2.0,3.0,0.6,0.0,1.6,50.8,28.5,33.0,69.0,1.0,6,6,92,97,15.33,20.44,1,5,115,blowing in,0,2.4,0,0,0,0,0.0,LAA,43.0,STRONG,5.0,0.0,-3.8,LAA -1.5,STRONG,5.2,OVER,LEAN,4.5,1.5
2026-04-25,2026-04-25T16:53:19,824203,NYY @ HOU,New York Yankees,Houston Astros,Ryan Weathers,Mike Burrows,L,R,Daikin Park,0,0,FADE,35.0,19.0,-6.0,-2.1,-12,1.0,0.0,0.0,-3.0,57.0,29.5,82.0,77.0,1.0,6,6,95,87,17.23,16.94,5,5,,unknown,0,0,0,0,0,0,0.0,NYY,18.4,STRONG,4.5,-2.1,-0.8,NYY -1.5,STRONG,6.7,OVER,STRONG,4.5,4.5
2026-04-25,2026-04-25T16:53:19,824527,DET @ CIN,Detroit Tigers,Cincinnati Reds,Jack Flaherty,Brady Singer,R,R,Great American Ball Park,0,22.7,FADE,34.7,33.6,3.0,4.8,-2.0,-5.0,-4.2,0.0,1.6,47.5,31.5,56.0,69.0,0.5,5,6,73,104,19.16,18.62,5,5,,,,,0,0,0,0,0.0,DET,15.6,STRONG,4.0,-3.8,-2.5,DET -1.5,STRONG,5.7,OVER,STRONG,4.5,2.5
2026-04-25,2026-04-25T16:53:19,824613,WSH @ CWS,Washington Nationals,Chicago White Sox,Jake Irvin,Noah Schultz,R,L,Rate Field,0,6.2,FADE,38.4,25.6,-4.8,0.0,-4.0,-7.0,-1.2,2.0,-3.0,35.0,52.2,64.0,77.0,0.5,5,6,68,82,18.09,17.66,5,2,7,blowing out,13.3,0,1,0,0,0,0.0,CWS,-20.6,STRONG,5.0,-2.9,-0.8,CWS -1.5,STRONG,6.1,OVER,STRONG,4.5,3.5
2026-04-25,2026-04-25T16:53:19,824851,BOS @ BAL,Boston Red Sox,Baltimore Orioles,Garrett Crochet,Trevor Rogers,L,L,Oriole Park at Camden Yards,0,30.8,FADE,35.8,29.0,0.0,5.4,-6.0,4.0,-0.6,1.0,2.6,33.0,47.0,77.0,47.0,1.0,6,6,93,95,20.09,16.96,5,5,76,blowing out,9.2,0,1,1,0,0,0.0,BAL,-32.8,STRONG,5.0,-3.8,-0.8,BAL -1.5,STRONG,5.1,OVER,LEAN,4.5,1.0
2026-04-25,2026-04-25T16:53:19,824933,PHI @ ATL,Philadelphia Phillies,Atlanta Braves,Zack Wheeler,Bryce Elder,R,R,Truist Park,0,44.7,FADE,74.6,33.6,10.3,-1.8,-8.0,4.0,-1.2,0.0,-0.6,91.0,70.5,69.0,56.0,0.0,,5,,98,,14.29,,5,,,,,0,0,0,0,0.0,PHI,4.8,LEAN,1.0,0.0,0.0,PHI -0.5,TOSS-UP,3.2,UNDER,STRONG,4.5,2.5
2026-04-25,2026-04-25T16:53:19,825093,SD @ AZ,San Diego Padres,Arizona Diamondbacks,Germán Márquez,Zac Gallen,R,R,Estadio Alfredo Harp Helu,0,17.1,FADE,45.7,39.4,-6.3,-8.0,0.0,1.0,0.0,0.0,0.0,46.4,45.5,64.0,47.0,0.0,7,7,88,88,18.2,17.0,4,5,,unknown,0,0,0,0,0,0,0.0,AZ,-24.0,STRONG,5.0,-2.3,-1.7,AZ -1.5,STRONG,5.3,OVER,LEAN,4.5,1.5
2026-04-26,2026-04-26T17:10:52,822824,CLE @ TOR,Cleveland Guardians,Toronto Blue Jays,Slade Cecconi,Patrick Corbin,R,L,Rogers Centre,1,21.9,FADE,32.0,40.0,7.0,-8.0,-2.0,0.0,0.0,3,-3.0,26.5,53.9,61.0,56.0,0.5,6,5,94,65,18.42,16.06,5,3,,indoor,0,0,1,1,0,0,0.0,TOR,-14.3,STRONG,3.5,-2.9,-0.5,TOR -1.5,STRONG,5.5,OVER,LEAN,4.5,2.0
2026-04-26,2026-04-26T17:10:52,822911,ATH @ TEX,Athletics,Texas Rangers,J.T. Ginn,Kumar Rocker,R,R,Globe Life Field,1,0,FADE,50.6,33.6,-14.0,-13.2,-8.0,-4.0,-3.6,3,2.4,51.2,50.4,69.0,56.0,0.5,6,5,92,88,16.29,17.01,3,4,,indoor,0,0,1,1,0,0,0.0,TEX,-1.6,TOSS-UP,0.0,-0.5,-1.3,No spread play,TOSS-UP,6.0,OVER,STRONG,4.5,3.0
2026-04-26,2026-04-26T17:10:52,822991,MIN @ TB,Minnesota Twins,Tampa Bay Rays,Simeon Woods Richardson,Griffin Jax,R,R,Tropicana Field,1,16.4,FADE,25.2,31.0,5.3,-0.6,-6.0,0.0,1.8,3,-0.2,24.0,30.0,69.0,69.0,0.0,5,,95,,16.84,,5,,,indoor,0,0,1,1,0,1,-6.0,MIN,6.9,LEAN,1.5,-0.8,0.0,MIN -0.5,SLIGHT,6.8,OVER,LEAN,4.5,4.5
2026-04-26,2026-04-26T17:10:52,823068,SEA @ STL,Seattle Mariners,St. Louis Cardinals,Emerson Hancock,Michael McGreevy,R,R,Busch Stadium,0,35.8,FADE,61.0,34.4,4.6,1.8,-2.0,-3.0,0.0,-1.0,-1.6,67.0,59.5,69.0,52.0,1.0,6,6,85,80,15.88,15.75,5,5,137,blowing in,0,3.4,1,1,0,0,0.0,PICK,0.4,TOSS-UP,0.0,0.0,0.0,No spread play,TOSS-UP,4.2,UNDER,SLIGHT,4.5,0.5
2026-04-26,2026-04-26T17:10:52,823230,MIA @ SF,Miami Marlins,San Francisco Giants,Max Meyer,Landen Roupp,R,R,Oracle Park,0,40.0,FADE,55.3,47.6,5.6,0.0,-4.0,-1.0,3.6,0.0,-1.5,52.5,66.5,61.0,18.0,0.5,6,5,91,106,17.23,17.24,5,5,,,,,1,0,0,0,0.0,SF,-23.8,STRONG,5.0,-1.7,-1.7,SF -1.5,STRONG,3.6,UNDER,LEAN,4.5,2.0
2026-04-26,2026-04-26T17:10:52,823635,COL @ NYM,Colorado Rockies,New York Mets,Jose Quintana,Nolan McLean,L,R,Citi Field,0,16.3,FADE,42.0,35.4,-1.0,3.7,-10.0,-4.0,-0.6,2.0,-2.1,34.4,72.5,47.0,69.0,0.5,6,5,90,99,18.82,15.69,3,5,17,blowing out,4.5,0,1,1,0,0,0.0,NYM,-13.7,STRONG,3.5,-2.0,0.0,NYM -1.5,LEAN,4.8,OVER,SLIGHT,4.5,0.5
2026-04-26,2026-04-26T17:10:52,823637,COL @ NYM,Colorado Rockies,New York Mets,TBD,Kodai Senga,?,R,Citi Field,0,24.5,FADE,37.2,38.2,5.0,0.9,-4.0,-3.0,-0.6,2.0,-2.1,50.0,34.0,33.0,69.0,0.0,,9,,65,,20.3,,4,17,blowing out,4.5,0,0,0,0,0,0.0,COL,31.8,STRONG,5.0,0.0,-3.0,COL -1.5,STRONG,5.1,OVER,LEAN,4.5,1.0
2026-04-26,2026-04-26T17:10:52,823797,PIT @ MIL,Pittsburgh Pirates,Milwaukee Brewers,Carmen Mlodzinski,Kyle Harrison,R,L,American Family Field,1,54.7,TOSS-UP,48.4,36.8,15.0,7.2,-4.0,3.0,-0.6,3,0.1,48.0,50.0,69.0,40.0,0.0,5,5,93,72,18.57,18.95,4,4,,indoor,0,0,1,1,0,0,0.0,MIL,-1.0,TOSS-UP,0.0,-2.7,-2.3,No spread play,TOSS-UP,4.0,UNDER,SLIGHT,4.5,1.0
2026-04-26,2026-04-26T17:10:52,823959,CHC @ LAD,Chicago Cubs,Los Angeles Dodgers,Shota Imanaga,Justin Wrobleski,L,L,UNIQLO Field at Dodger Stadium,0,29.3,FADE,64.5,22.2,-5.4,-0.7,-10.0,3.0,0.6,5.0,1.7,73.5,62.3,61.0,82.0,0.5,5,6,87,97,16.01,13.57,5,3,251,blowing in,0,14.0,0,0,0,0,0.0,CHC,21.0,STRONG,5.0,-0.8,0.4,CHC -1.5,STRONG,4.0,UNDER,SLIGHT,4.5,1.0
2026-04-26,2026-04-26T17:10:52,824122,LAA @ KC,Los Angeles Angels,Kansas City Royals,Reid Detmers,Seth Lugo,L,R,Kauffman Stadium,0,44.5,FADE,61.8,38.2,6.6,-1.9,0.0,-3.0,0.6,2.0,1.8,59.5,71.0,33.0,69.0,1.0,6,6,90,93,17.27,14.87,5,5,75,blowing out,2.2,0,1,0,0,0,0.0,KC,-16.3,STRONG,4.0,-1.7,0.0,KC -1.5,STRONG,3.3,UNDER,STRONG,4.5,2.5
2026-04-26,2026-04-26T17:10:52,824202,NYY @ HOU,New York Yankees,Houston Astros,Luis Gil,Spencer Arrighetti,R,R,Daikin Park,0,21.3,FADE,45.8,18.0,4.1,6.6,-8.0,-4.0,0.0,0.0,-3.0,44.3,51.6,82.0,82.0,0.5,5,6,83,96,17.24,17.93,3,2,,unknown,0,0,1,1,0,0,0.0,NYY,8.9,MODERATE,2.0,-1.0,-0.8,NYY -0.5,SLIGHT,5.9,OVER,STRONG,4.5,3.0
2026-04-26,2026-04-26T17:10:52,824528,DET @ CIN,Detroit Tigers,Cincinnati Reds,Keider Montero,Rhett Lowder,R,R,Great American Ball Park,0,31.1,FADE,58.8,27.0,11.3,0.0,-4.0,-6.0,-4.2,0.0,0.3,62.0,58.0,69.0,74.0,0.5,5,6,88,93,14.31,15.54,4,5,70,blowing out,5.2,0,1,1,0,0,0.0,DET,11.5,MODERATE,3.0,0.0,0.0,DET -1.5,LEAN,5.0,OVER,SLIGHT,4.5,1.0
2026-04-26,2026-04-26T17:10:52,824612,WSH @ CWS,Washington Nationals,Chicago White Sox,Foster Griffin,Bryan Hudson,L,L,Rate Field,0,8.8,FADE,51.5,32.0,5.0,0.0,-8.0,-8.0,-1.2,1.0,-2.2,54.5,50.8,69.0,64.0,-3.0,5,2,96,17,16.78,17.0,5,1,75,blowing out,6.2,0,1,1,0,1,-6.0,WSH,11.1,LEAN,2.5,-0.8,-0.3,WSH -1.5,SLIGHT,6.1,OVER,LEAN,4.5,3.5
2026-04-26,2026-04-26T17:10:52,824852,BOS @ BAL,Boston Red Sox,Baltimore Orioles,Connelly Early,Kyle Bradish,L,R,Oriole Park at Camden Yards,0,32.4,FADE,47.6,35.4,6.3,-3.7,-4.0,0.0,-0.6,1.0,2.6,54.0,46.0,69.0,47.0,0.5,5,6,92,104,18.25,18.58,5,5,25,blowing out,8.8,0,1,1,0,0,0.0,BOS,2.1,TOSS-UP,0.0,-2.9,-3.3,No spread play,TOSS-UP,4.7,OVER,SLIGHT,4.5,0.5
2026-04-26,2026-04-26T17:10:52,824934,PHI @ ATL,Philadelphia Phillies,Atlanta Braves,Aaron Nola,Chris Sale,R,L,Truist Park,0,11.7,FADE,37.7,28.6,4.7,-10.0,-6.0,1.0,-1.2,-1.0,-0.4,31.5,62.5,77.0,49.0,0.5,6,8,88,101,16.98,15.54,5,5,305,blowing out,1.7,0,1,1,0,0,0.0,ATL,-43.2,STRONG,5.0,-0.8,0.0,ATL -1.5,STRONG,5.8,OVER,STRONG,4.5,2.5
2026-04-26,2026-04-26T17:10:52,825094,SD @ AZ,San Diego Padres,Arizona Diamondbacks,Michael King,Ryne Nelson,R,R,Estadio Alfredo Harp Helu,0,33.4,FADE,34.8,51.4,2.0,-6.0,0.0,8.0,0.0,0.0,0.9,60.0,28.5,49.0,47.0,0.0,7,7,105,30,16.34,31.47,5,5,,unknown,0,0,0,1,0,0,0.0,SD,29.7,STRONG,5.0,-0.8,-3.3,SD -1.5,STRONG,4.6,PUSH,TOSS-UP,4.5,0.0
2026-04-27,2026-04-27T18:08:05,822825,BOS @ TOR,Boston Red Sox,Toronto Blue Jays,Ranger Suarez,Dylan Cease,L,R,Rogers Centre,1,23.9,FADE,54.9,35.4,-3.0,0.2,-8.0,-2.0,0.0,3,0.1,53.5,60.5,69.0,47.0,0.0,5,7,71,110,15.43,19.44,5,5,,indoor,0,0,0,0,0,0,0.0,TOR,-8.7,MODERATE,2.0,0.0,-4.2,Disabled,DISABLED,4.6,PUSH,TOSS-UP,4.5,0.0
2026-04-27,2026-04-27T18:08:05,822906,NYY @ TEX,New York Yankees,Texas Rangers,Max Fried,Jack Leiter,L,R,Globe Life Field,1,33.0,TOSS-UP,43.2,23.2,-2.8,11.3,-6.0,6.0,-3.6,3,-0.2,72.2,36.0,56.0,82.0,0.0,5,5,100,84,13.93,18.61,6,5,,indoor,0,0,0,0,0,0,0.0,NYY,60.8,STRONG,5.0,0.8,-2.5,Disabled,DISABLED,4.6,PUSH,TOSS-UP,4.5,0.0
2026-04-27,2026-04-27T18:08:05,823311,CHC @ SD,Chicago Cubs,San Diego Padres,Matthew Boyd,Randy Vásquez,L,R,Petco Park,0,54.0,STRONG,55.5,58.8,9.0,0.1,0.0,-3.0,3.0,2.0,2.7,51.8,70.5,47.0,18.0,0.5,5,6,84,84,17.49,15.7,3,5,4,blowing out,3.0,0,0,0,0,0,0.0,SD,-18.2,STRONG,4.5,-1.0,0.0,Disabled,DISABLED,2.8,UNDER,STRONG,4.5,3.5
2026-04-27,2026-04-27T18:08:05,823395,STL @ PIT,St. Louis Cardinals,Pittsburgh Pirates,Dustin May,Mason Montgomery,R,L,PNC Park,0,18.9,FADE,38.6,32.6,-3.3,0.0,-6.0,7.0,0.6,2.0,-1.4,36.0,49.2,61.0,69.0,0.5,6,12,97,11,16.96,11.0,5,1,132,blowing in,0,4.9,0,0,0,1,-6.0,PICK,-0.2,TOSS-UP,0.0,-0.8,0.2,Disabled,DISABLED,5.9,OVER,SLIGHT,4.5,3.0
2026-04-27,2026-04-27T18:08:05,823719,SEA @ MIN,Seattle Mariners,Minnesota Twins,Luis Castillo,Connor Prielipp,R,L,Target Field,0,23.0,FADE,40.5,44.6,-1.2,2.0,-4.0,-6.0,-0.6,5.0,-2.1,37.5,52.6,61.0,33.0,0.5,6,5,95,82,20.68,20.5,5,1,311,crosswind,0,0,0,0,0,0,0.0,MIN,-20.1,STRONG,5.0,-4.2,-0.8,Disabled,DISABLED,4.7,OVER,SLIGHT,4.5,0.5
2026-04-27,2026-04-27T18:08:05,823961,MIA @ LAD,Miami Marlins,Los Angeles Dodgers,Chris Paddack,Yoshinobu Yamamoto,R,R,UNIQLO Field at Dodger Stadium,0,19.1,FADE,44.1,41.8,-6.7,0.0,-8.0,4.0,0.6,0.0,-2.1,37.2,71.5,47.0,61.0,1.0,6,6,90,101,18.69,14.9,4,5,,,,,0,0,0,0,0.0,LAD,-21.4,STRONG,5.0,-2.7,0.0,Disabled,DISABLED,4.7,OVER,SLIGHT,4.5,0.5
2026-04-27,2026-04-27T18:08:05,824446,TB @ CLE,Tampa Bay Rays,Cleveland Guardians,Steven Matz,Parker Messick,L,L,Progressive Field,0,32.0,TOSS-UP,45.8,29.6,3.0,-1.4,-4.0,0.0,1.2,5.0,-0.8,39.0,73.0,56.0,74.0,1.0,6,6,77,85,17.9,14.89,5,5,144,blowing in,0,10.0,1,0,0,0,0.0,CLE,-23.1,STRONG,5.0,-1.7,0.0,Disabled,DISABLED,4.2,UNDER,SLIGHT,4.5,0.5
2026-04-27,2026-04-27T18:08:05,824609,LAA @ CWS,Los Angeles Angels,Chicago White Sox,Jack Kochanowicz,Anthony Kay,R,L,Rate Field,0,25.4,FADE,37.4,32.0,2.1,5.6,-8.0,-2.0,-1.2,5.0,-1.4,49.5,34.4,64.0,69.0,0.5,6,5,88,92,16.47,20.82,5,3,194,blowing in,0,12.2,0,0,0,0,0.0,LAA,18.2,STRONG,4.5,-0.8,-2.5,Disabled,DISABLED,5.4,OVER,SLIGHT,4.5,2.0
